ID,CUSTOMER,ORDERED_AT,STORE_ID,SUBTOTAL,TAX_PAID,ORDER_TOTAL
34ac6382-12ea-4e38-9b8f-dc2afba12a79,b63aa58f-13c3-42ec-9b06-995371bd877a,2024-08-18 12:51:00,7610d689-246f-467d-8d80-991c4eef401a,3300,198,3498
ed4252a4-859e-48d7-aad8-df9a7e73f539,1e43ae86-f777-4ee7-b336-8e3bc60294ef,2024-08-18 13:20:00,7610d689-246f-467d-8d80-991c4eef401a,500,30,530
e6a5117e-5b06-4b4a-b470-d66f58527c2a,e5a13bcc-19f9-45d8-a832-a087b4609edd,2024-08-18 13:45:00,7610d689-246f-467d-8d80-991c4eef401a,3500,210,3710
666beb00-9ff5-4c32-9116-a5977ee4b73a,935ecf18-cf34-41be-be72-c814ef6ded61,2024-08-18 12:54:00,7610d689-246f-467d-8d80-991c4eef401a,600,36,636
8a71ba4d-6124-428c-9977-622f54b0b61a,d656f95b-6c2e-4372-ab17-a3bbc93812c1,2024-08-18 08:28:00,7610d689-246f-467d-8d80-991c4eef401a,500,30,530
85ccf5cd-f615-463d-9ed4-8b1d001a6fe1,5e90dd7a-de2a-412d-88fc-7641dd8da9fd,2024-08-18 11:46:00,7610d689-246f-467d-8d80-991c4eef401a,400,24,424
2c638bbf-79bf-4c03-8b3f-5af07584a4d8,146f68d0-ad70-4af9-9210-f25d25cdd39f,2024-08-18 14:28:00,7610d689-246f-467d-8d80-991c4eef401a,2000,120,2120
ea5e3067-01cb-46f3-b7ce-3d1846349a98,8d19687a-737e-45da-b0d4-d686d57620d6,2024-08-18 12:12:00,7610d689-246f-467d-8d80-991c4eef401a,1200,72,1272
e5503680-a8c9-44c0-a43b-dfaa1c5b578b,d2c2719d-f10f-4693-a227-9c4dd85e7d30,2024-08-18 12:58:00,7610d689-246f-467d-8d80-991c4eef401a,1100,65,1165
5455bd96-aff9-4861-81a9-070ef88b052d,edad01ae-d0e3-498a-8dad-7210358c427c,2024-08-18 12:44:00,7610d689-246f-467d-8d80-991c4eef401a,700,42,742
81842d7b-a264-442f-8757-397f4f443fc2,456ceb44-1215-4cac-8509-e0ff899b2d08,2024-08-18 12:39:00,7610d689-246f-467d-8d80-991c4eef401a,1100,65,1165
2867b30e-3399-4be8-8940-9ab8d7d19eb2,ffef49f3-f8f1-4be9-88ff-df81293ec90a,2024-08-18 11:46:00,7610d689-246f-467d-8d80-991c4eef401a,1500,89,1589
079f10b8-7939-43d0-9f08-aa20c7957fc9,f0937ba3-6524-4760-96c3-9a2d675002e2,2024-08-18 13:26:00,7610d689-246f-467d-8d80-991c4eef401a,8700,522,9222
ef647c8b-8a76-41b8-b542-4c46a5a75a81,1939ef2f-c862-4774-bfdc-746117412833,2024-08-18 10:44:00,7610d689-246f-467d-8d80-991c4eef401a,400,24,424
7fb6b0f4-e565-4c61-8f2f-9526e77e3f13,1c358914-4b9d-4776-a4b9-32a4bfd77df4,2024-08-18 10:29:00,7610d689-246f-467d-8d80-991c4eef401a,400,24,424
68d804ff-ee2b-4c63-bc3b-74fb5c28c6d3,f77213fa-b911-48e6-becc-47ab3ca82531,2024-08-18 14:05:00,7610d689-246f-467d-8d80-991c4eef401a,9200,552,9752
cf2a9e5e-17bf-425b-a1c6-6be96eff7ff5,0e0c8e84-cfbc-42b7-801d-472fcfe74005,2024-08-18 09:48:00,7610d689-246f-467d-8d80-991c4eef401a,1800,108,1908
ed3fefeb-1359-46b8-8bfe-309958de3b3d,3964d6e6-da15-4d05-bfc2-fc2846545d29,2024-08-18 11:30:00,7610d689-246f-467d-8d80-991c4eef401a,400,24,424
ce33c328-8b85-4cc2-b91d-a2fdf2333f2f,3edb5ca6-a87b-40f7-bd9d-fcebccd767f7,2024-08-18 10:50:00,7610d689-246f-467d-8d80-991c4eef401a,2000,120,2120
2fec59cf-88a9-480b-a7e4-4863f793dc4e,16535d06-8a97-408a-8428-30e93ed759a1,2024-08-18 14:03:00,7610d689-246f-467d-8d80-991c4eef401a,2200,131,2331
cd5e5c2d-ea39-4114-b5cc-0818b5d601ba,bcf395ee-025e-44f8-8f73-484421f6d5fb,2024-08-18 12:56:00,7610d689-246f-467d-8d80-991c4eef401a,500,30,530
42a225fd-197a-4661-b1db-ebd8467de4a8,0c529dfd-49aa-48cb-a325-93d6b7afd057,2024-08-18 14:31:00,7610d689-246f-467d-8d80-991c4eef401a,1700,102,1802
b903a312-91bd-422f-a0d1-4b16c63aa142,25330444-e5dc-4852-a712-a2747fe6665b,2024-08-18 13:43:00,7610d689-246f-467d-8d80-991c4eef401a,1400,84,1484
b9b8bbb3-48a1-4532-abe1-e4675732b728,9db10769-95d8-4f4d-8c28-5aa3495a23f0,2024-08-18 09:47:00,7610d689-246f-467d-8d80-991c4eef401a,0,0,0
7069df2a-1820-4139-96f8-0af4c4455691,b53a78d3-d3b2-4210-b0c3-d695fee67c98,2024-08-18 10:37:00,7610d689-246f-467d-8d80-991c4eef401a,5300,318,5618
6b2ef791-80d0-4dd5-a4c9-e74ff5e48b9d,2e85fe24-c31c-4881-81b3-ad7239cb4f5d,2024-08-18 14:41:00,7610d689-246f-467d-8d80-991c4eef401a,2200,131,2331
37780cd4-57cc-422b-acd3-2a26d580f0eb,fd83b192-3673-4790-b1d1-967d5dc2f077,2024-08-18 14:56:00,7610d689-246f-467d-8d80-991c4eef401a,7500,450,7950
16e211b8-dd4c-44cb-93da-06550e183230,deef47c5-0b09-452c-97a3-88e756de53fb,2024-08-18 12:48:00,7610d689-246f-467d-8d80-991c4eef401a,600,36,636
604e1449-f52b-483f-87b0-c991170265bc,799aa08f-1e79-4a82-bf2f-b6f16ac78452,2024-08-18 13:26:00,7610d689-246f-467d-8d80-991c4eef401a,700,42,742
0181973e-6bfb-4713-b4e1-9b3373947eff,3627aff8-26f1-46d0-bc9e-7a087e8ee05a,2024-08-18 11:55:00,7610d689-246f-467d-8d80-991c4eef401a,700,42,742
97d2c215-9eb3-4846-bc38-a71ffc5e6d99,b256e444-70df-4b7e-a211-912861f54dd2,2024-08-18 13:48:00,7610d689-246f-467d-8d80-991c4eef401a,8500,509,9009
0559f9b9-3f5c-470f-90bf-573b6b76a2a6,b670279c-0a52-495b-b3aa-e023c2cc127f,2024-08-18 11:28:00,7610d689-246f-467d-8d80-991c4eef401a,1200,72,1272
fb397b0a-db37-407a-bae1-968369d824a3,2b755e35-def6-4f0e-a23c-c11f58f350af,2024-08-18 14:16:00,7610d689-246f-467d-8d80-991c4eef401a,1900,113,2013
dd06263f-2589-49be-b6f9-ad3d44784ef3,2168d1cd-b8d0-48cc-bba5-45bde32172ca,2024-08-18 11:02:00,7610d689-246f-467d-8d80-991c4eef401a,2100,126,2226
cc57d434-ef81-443d-8256-6cfec689d790,c65c84dc-a62e-4033-b9cc-29e85a52a72b,2024-08-18 13:36:00,7610d689-246f-467d-8d80-991c4eef401a,5100,306,5406
b2cd0d42-7588-46ec-9a01-49c6c6a112dc,535833dc-00da-4d3d-89a5-24d05500e1a0,2024-08-18 13:14:00,7610d689-246f-467d-8d80-991c4eef401a,400,24,424
ad9f4309-30ce-42a1-a851-b30316efe521,0f0fef3b-66fb-4716-9807-7a8a2bcec7e7,2024-08-18 12:50:00,7610d689-246f-467d-8d80-991c4eef401a,600,36,636
bd9e55bb-0afb-4c9e-ad30-3c2cef4849b3,db871672-1652-427d-9cdd-5db88c93d457,2024-08-18 12:41:00,7610d689-246f-467d-8d80-991c4eef401a,3500,210,3710
5c71e5a0-872a-4fdd-9895-75b32ec5a148,0f8daf38-9d2e-4979-a40a-9994e1096dcf,2024-08-18 12:07:00,7610d689-246f-467d-8d80-991c4eef401a,0,0,0
ce4330aa-b292-42e5-bdab-dbae7e2e66c8,cc59e87f-6f6d-452b-9501-625b1d18c27a,2024-08-18 10:46:00,7610d689-246f-467d-8d80-991c4eef401a,1800,108,1908
c2f66019-e8ec-4b23-94e6-5403c808dc58,309669c8-42b3-43b1-8123-2be569933a0c,2024-08-18 13:19:00,7610d689-246f-467d-8d80-991c4eef401a,3000,179,3179
53b0f12f-54aa-4d17-bc5c-35641db615e2,218ceda7-f404-433d-b810-fe322bfdf660,2024-08-18 12:17:00,7610d689-246f-467d-8d80-991c4eef401a,2500,150,2650
2feaf6de-1658-4034-8cc8-e4a884bbcfa3,572afe5e-e82a-45af-aaac-35948537d83b,2024-08-18 11:10:00,7610d689-246f-467d-8d80-991c4eef401a,500,30,530
73b4f98c-910e-4073-a245-55e5794a3e5f,f695d71e-f422-4325-9add-b509be6e4bf1,2024-08-18 10:51:00,7610d689-246f-467d-8d80-991c4eef401a,700,42,742
baf47b88-de8f-4163-b029-7aea5af40a7a,e44343af-786f-460f-afe9-276fafd4ab72,2024-08-18 11:25:00,7610d689-246f-467d-8d80-991c4eef401a,500,30,530
ca839b28-beed-424d-a818-4fc61ddc7a20,613506d3-bbbb-46a9-80a4-74136dd808d8,2024-08-18 14:53:00,7610d689-246f-467d-8d80-991c4eef401a,8100,485,8585
4e72c17d-be64-4a11-8c74-eaee62e67de9,5dee43b9-6180-423d-aa66-0c975c7a6254,2024-08-18 13:05:00,7610d689-246f-467d-8d80-991c4eef401a,400,24,424
5e55f548-0c52-4a07-a771-2118f3ec36fc,c15f166b-5eea-4544-95ba-c06ab6bdfd54,2024-08-18 14:17:00,7610d689-246f-467d-8d80-991c4eef401a,600,36,636
65966e11-22d1-4e36-ad47-d63001f2cf2f,95ce164d-c488-4306-a954-0bdbed660ead,2024-08-18 14:00:00,7610d689-246f-467d-8d80-991c4eef401a,1900,113,2013
173cb4c8-c8d3-497a-9ecd-b7db1c0d89a0,7a3e0a67-3f90-4b44-ad0e-93018ee4fb40,2024-08-18 11:32:00,7610d689-246f-467d-8d80-991c4eef401a,1900,113,2013
53f95c4d-17ac-4979-91d5-ca13bf0ab333,46f597eb-c54b-4468-9b5f-709bcfed28fb,2024-08-18 12:46:00,7610d689-246f-467d-8d80-991c4eef401a,700,42,742
1521ac46-0cf0-4b9c-b6d3-d5ec09be6cc2,3d3e4921-3d30-426a-872b-cc8693281fc6,2024-08-18 10:02:00,7610d689-246f-467d-8d80-991c4eef401a,1600,96,1696
4790f355-95d4-4b68-b9a6-9a7aa191695f,feab4965-48b7-47a3-bbd7-b322a0143c0c,2024-08-18 14:40:00,7610d689-246f-467d-8d80-991c4eef401a,9000,540,9540
ffe263cd-902c-4b37-9a7e-19affa9c5eaf,72e13104-7269-4435-bea8-a47235f8672c,2024-08-18 13:05:00,7610d689-246f-467d-8d80-991c4eef401a,5100,306,5406
afbf61e6-bd55-4c9d-950b-5cb967d361cf,e157473f-67c5-4a77-a3c7-1d690227196f,2024-08-18 14:56:00,7610d689-246f-467d-8d80-991c4eef401a,0,0,0
db77ee1a-416c-46da-97fa-6fc256cd9165,15486b39-7a71-4495-bf11-ac981944cb2f,2024-08-18 13:22:00,7610d689-246f-467d-8d80-991c4eef401a,7100,426,7526
83f10fb1-85dd-4ac6-9f16-d978a4807e0a,b973cfc5-c344-4b2d-8fc4-92b69286c494,2024-08-18 13:10:00,7610d689-246f-467d-8d80-991c4eef401a,400,24,424
57bd1729-21a6-43ee-8b46-c67a27d29c4f,70a3269b-d4de-46e8-bedc-d856f333e088,2024-08-18 09:39:00,7610d689-246f-467d-8d80-991c4eef401a,0,0,0
352053dd-3f8a-4d6f-8a8f-fb13b98f8be1,7717cdcc-4f26-4e53-9983-5026a5640dc4,2024-08-18 12:46:00,7610d689-246f-467d-8d80-991c4eef401a,8500,509,9009
98eed6b9-48df-45b1-b162-44762d2fd78c,f8a9b9e5-b4c7-416f-acfd-3b5727417698,2024-08-18 08:28:00,7610d689-246f-467d-8d80-991c4eef401a,500,30,530
43baeb46-6e44-466b-9a01-5ed0ed4d3181,32345ea1-d6dd-445e-b775-1a2c80078c05,2024-08-18 14:36:00,7610d689-246f-467d-8d80-991c4eef401a,2000,120,2120
b2c4fab5-aa11-45c5-8dfa-ebc2074e714c,b7fb5b2f-9636-4e7b-be18-b43d0df3c929,2024-08-18 11:21:00,7610d689-246f-467d-8d80-991c4eef401a,400,24,424
29f0751a-9233-492a-be72-bef708420bc9,4ae668eb-6510-4e45-96be-bcea4185ecd2,2024-08-18 14:17:00,7610d689-246f-467d-8d80-991c4eef401a,500,30,530
63069cc6-cb74-432b-a6b0-3a5d8e28b89c,67b83532-c6ef-47a9-b708-6fec1ef804c2,2024-08-18 09:31:00,7610d689-246f-467d-8d80-991c4eef401a,600,36,636
87a2fb47-a399-490a-ad0e-435a64b33727,946f1cde-d4d1-4fc4-9e42-a82375962636,2024-08-18 10:58:00,7610d689-246f-467d-8d80-991c4eef401a,400,24,424
1c379445-c66e-4d91-b608-d054feaf7e49,2bf81bda-a1ca-4b73-be11-695b1539a339,2024-08-18 12:42:00,7610d689-246f-467d-8d80-991c4eef401a,2600,156,2756
092cc453-8d62-4fe5-b729-00e2952f6234,70216b97-9f6c-4474-a45e-c8e31684968c,2024-08-18 11:23:00,7610d689-246f-467d-8d80-991c4eef401a,2200,131,2331
5c69b6ae-8e05-49f6-a24a-ba346594ffd4,5b997d2e-38a3-403c-b8d1-441657613eef,2024-08-18 13:40:00,7610d689-246f-467d-8d80-991c4eef401a,3500,210,3710
dbb8a352-5dee-432b-91ec-9a972ccc2a43,563caefa-5675-4645-a701-6272b42dd217,2024-08-18 13:24:00,7610d689-246f-467d-8d80-991c4eef401a,400,24,424
28aaa6d9-2851-4e73-992c-806138201834,45477aa6-dc56-4d0b-a4c0-e3e286795b51,2024-08-18 12:39:00,7610d689-246f-467d-8d80-991c4eef401a,1900,113,2013
1f5251da-d8ea-448f-aff3-a143e313eddc,4141f701-5633-42c2-b647-4b6fc428802f,2024-08-18 12:03:00,7610d689-246f-467d-8d80-991c4eef401a,1900,113,2013
a7c9690f-fb14-45e0-8ba3-f79d909d845c,773a49be-1451-4dde-8898-ed8db004a5bd,2024-08-18 10:08:00,399dfec4-01ec-4e84-80b5-cb325d670571,5300,212,5512
3420fc2d-b2a5-4583-ada9-eeec9f25e1d2,cec3488a-b584-4a3a-a0c8-8e8e9fe62005,2024-08-18 09:42:00,399dfec4-01ec-4e84-80b5-cb325d670571,1600,64,1664
4598b62f-4a74-4ed4-ab34-7c5ede5fb27f,2d691724-c042-4e6d-af25-3d4016fae282,2024-08-18 14:06:00,399dfec4-01ec-4e84-80b5-cb325d670571,4500,180,4680
1aa37eaa-5e16-4a65-87fe-4c8ec3c5da57,ea26a0ca-f3c9-47ed-97df-c407500873aa,2024-08-18 13:08:00,399dfec4-01ec-4e84-80b5-cb325d670571,7000,280,7280
a9f90098-e056-4db9-a1ae-f2dcacd272ed,34dd7dd4-049a-4abd-bff1-cbd6401a85f4,2024-08-18 11:48:00,399dfec4-01ec-4e84-80b5-cb325d670571,3900,156,4056
eb59b102-a0fb-40ec-8825-bbb8b1e9a336,d2b78715-1c35-41d5-a173-86bbde66041c,2024-08-18 14:29:00,399dfec4-01ec-4e84-80b5-cb325d670571,600,24,624
d1d5cd31-7d14-4aea-9e20-40f4a5bc3187,c1a49c63-0984-4345-b3fa-4c855c292ebb,2024-08-18 14:57:00,399dfec4-01ec-4e84-80b5-cb325d670571,3800,152,3952
b36395ed-ce14-4d49-8911-fbda77031379,db87d877-edc8-48fa-aa05-4c0b4f588a5d,2024-08-18 13:02:00,399dfec4-01ec-4e84-80b5-cb325d670571,5200,208,5408
e695cd70-64a7-46fc-b3c1-ea3389589fc2,81f94344-42da-4710-970b-01040337773f,2024-08-18 13:55:00,399dfec4-01ec-4e84-80b5-cb325d670571,600,24,624
f586ddb9-f708-4bad-9ce6-a7e502681f06,70fb46f1-9f8e-420c-bae0-cb5eff4cf0c3,2024-08-18 14:31:00,399dfec4-01ec-4e84-80b5-cb325d670571,8900,356,9256
5aaea42a-52e7-4ff6-8546-d7785bdf92e8,6473da95-ec67-40b5-9a54-1fbf8c7e1aae,2024-08-18 09:55:00,399dfec4-01ec-4e84-80b5-cb325d670571,5600,224,5824
877f1731-9816-4d76-90a5-915642107092,4b2612c7-fa3a-480e-8656-132c7c5bf41b,2024-08-18 14:03:00,399dfec4-01ec-4e84-80b5-cb325d670571,4900,196,5096
c249f337-1243-4a65-b49c-d9f8471d29b7,711044e1-8bdf-47ab-b9ab-3d108e5590d9,2024-08-18 13:58:00,399dfec4-01ec-4e84-80b5-cb325d670571,0,0,0
d5bb7d33-6715-4e83-a5ab-a87deebbdf12,3d7cdfc9-1821-4c17-9452-dbd3c6aff80a,2024-08-18 12:52:00,399dfec4-01ec-4e84-80b5-cb325d670571,6400,256,6656
042d4ef1-9b78-4846-b817-775663bcb595,b132d7fb-457b-400a-a86e-27a184517bc5,2024-08-18 08:27:00,399dfec4-01ec-4e84-80b5-cb325d670571,700,28,728
451d7736-b232-4dcc-b614-34a49961ada6,d2ce1916-ff3f-4dc8-8c68-6bd3cb205c68,2024-08-18 12:54:00,399dfec4-01ec-4e84-80b5-cb325d670571,600,24,624
7c6ca3de-ec9a-4fbd-ac1d-db6b0b1921e7,6cef2bf1-7275-4c3a-988f-7b82850f3636,2024-08-18 09:22:00,399dfec4-01ec-4e84-80b5-cb325d670571,5000,200,5200
1ac3a051-1708-4581-8792-3a5609a0234d,6c61d1a8-d299-4add-a628-1e8840673829,2024-08-18 14:00:00,399dfec4-01ec-4e84-80b5-cb325d670571,500,20,520
397992d8-04a0-42b9-9d26-763ab9045b5f,ff01f7b4-ea07-479e-b909-9705ff5fa960,2024-08-18 08:52:00,399dfec4-01ec-4e84-80b5-cb325d670571,1800,72,1872
fcb5c8b9-3ea8-4f24-82a2-17cb7a1aade2,23c9d5aa-b7ac-43fe-9b34-95a885534f3f,2024-08-18 12:03:00,399dfec4-01ec-4e84-80b5-cb325d670571,400,16,416
4a7e12ee-b18b-4c93-8751-0be2f3ffa1f2,5e245f8b-8a35-48fc-bfd1-8d70aae8c168,2024-08-18 11:43:00,399dfec4-01ec-4e84-80b5-cb325d670571,0,0,0
9884de56-9a2e-4485-aaa8-8c6b9bbcfc8d,04d801fa-1ebd-4515-a4e6-f1527cc4f414,2024-08-18 08:38:00,399dfec4-01ec-4e84-80b5-cb325d670571,1700,68,1768
3310dabe-a6bb-4fec-a2bb-f19f8e27f3a3,db76ab32-831a-4cda-966d-d6da473fe822,2024-08-18 13:33:00,399dfec4-01ec-4e84-80b5-cb325d670571,700,28,728
b5227913-d4af-4f71-b8f1-5332789f71c9,663d6f2d-b261-41f8-9bd0-720ac381ffa2,2024-08-18 12:55:00,399dfec4-01ec-4e84-80b5-cb325d670571,3500,140,3640
f543bf1c-f664-435f-9e8d-f72900ea6d1a,a2e3fd26-2816-46d6-ae54-36f0fbc88f9b,2024-08-18 13:22:00,399dfec4-01ec-4e84-80b5-cb325d670571,8300,332,8632
ae4af28a-7566-4f26-b5b3-9b911f853e37,2df22e3d-afb9-452c-97bf-13a8e4e4aff8,2024-08-18 13:09:00,399dfec4-01ec-4e84-80b5-cb325d670571,5500,220,5720
03609914-688e-4d33-9f9d-bba57fb89ef3,f37fa016-3fa9-4944-a50e-e58c0056b5bc,2024-08-18 10:20:00,399dfec4-01ec-4e84-80b5-cb325d670571,5500,220,5720
69ca0925-4d18-4fcd-bafd-d3e511a55f82,af32d332-5348-4db7-b85e-10e8c869b09b,2024-08-18 14:21:00,399dfec4-01ec-4e84-80b5-cb325d670571,500,20,520
07d0fed1-fb38-46f9-9ab7-7d362bfe9e5d,837b4aa0-c89e-4bd4-bb7b-eb47bb546bea,2024-08-18 11:02:00,399dfec4-01ec-4e84-80b5-cb325d670571,600,24,624
108083ed-ce05-4097-8cd7-97f7e88fce90,96e76e0f-05a8-4b35-8c59-a93df15f3359,2024-08-18 14:19:00,399dfec4-01ec-4e84-80b5-cb325d670571,4200,168,4368
c134b0f8-9a4c-4bfc-be30-4e5ab3eab738,72d7d14a-ebf1-4fd0-8392-dc880839a2da,2024-08-18 09:54:00,399dfec4-01ec-4e84-80b5-cb325d670571,1600,64,1664
a67c7ef3-0a26-4598-b30d-eb4ab0672d81,d367c7d7-7060-4d1d-b797-5d47b3ee4dab,2024-08-18 13:35:00,399dfec4-01ec-4e84-80b5-cb325d670571,700,28,728
a6789d71-159c-41a1-bd98-2169dfaa14b9,1fd4af81-2e12-4ed4-8893-dd4eaee5ae1a,2024-08-18 14:35:00,399dfec4-01ec-4e84-80b5-cb325d670571,700,28,728
5e6909bc-a945-4338-8e38-ba009413895d,47dabfd4-2050-4494-b080-1a34b1bc9616,2024-08-18 10:14:00,399dfec4-01ec-4e84-80b5-cb325d670571,600,24,624
5e8b1fb0-1a89-45f9-9da2-9aa7af65ccd6,fd59c062-af23-4f13-964f-d33abe7a9d2a,2024-08-18 14:14:00,399dfec4-01ec-4e84-80b5-cb325d670571,1500,60,1560
799cc4d6-9bdf-404a-b5de-0de027da88f3,53e05598-c78b-4481-9f61-f657a279dede,2024-08-18 08:16:00,399dfec4-01ec-4e84-80b5-cb325d670571,1800,72,1872
9ed513c3-ff41-4b45-8d12-e550071618e9,09e696b6-7012-4e6d-8c75-c9cee3a1b483,2024-08-18 11:21:00,399dfec4-01ec-4e84-80b5-cb325d670571,3500,140,3640
0d023925-85c1-4577-adb6-53fc6d3c7a6f,733c49b4-b2bb-4b79-8925-2f00ca5f792b,2024-08-18 12:18:00,399dfec4-01ec-4e84-80b5-cb325d670571,1400,56,1456
78f34a16-bafd-4b0f-b875-14cf2daa31e6,9dadd28f-ff99-47e5-acc2-1853d367765c,2024-08-18 14:00:00,399dfec4-01ec-4e84-80b5-cb325d670571,4700,188,4888
f3500809-c8e0-4e97-a7ff-aa90b29153c9,bb23bd8f-2dbd-42e5-93dd-0ec45e5fecdf,2024-08-18 13:22:00,399dfec4-01ec-4e84-80b5-cb325d670571,0,0,0
64eea82e-7650-4bca-a896-bdec63a141cd,f6b29537-3df0-46dd-ac88-a11fc5036e04,2024-08-18 09:38:00,399dfec4-01ec-4e84-80b5-cb325d670571,700,28,728
87c6451f-618a-4a03-a026-6a8fbef55c40,d575cd71-0ddd-4bb1-8b77-0b5fde2bcd72,2024-08-18 11:54:00,399dfec4-01ec-4e84-80b5-cb325d670571,1200,48,1248
d8814cc3-ddd4-4076-a5fe-3a1973fad2b8,5b02ecdc-5f45-4f12-ba3a-c3c7771c27ca,2024-08-18 08:32:00,399dfec4-01ec-4e84-80b5-cb325d670571,3700,148,3848
3c116f27-790e-481f-9c40-68a0891d13ad,aa148367-0783-4df7-86ab-187e074f6b1e,2024-08-18 14:31:00,399dfec4-01ec-4e84-80b5-cb325d670571,2800,112,2912
9b9bfff5-bd40-446a-9777-bb551d3fa402,8c84dcd6-b688-4626-9015-e867dc2f3b84,2024-08-18 14:00:00,399dfec4-01ec-4e84-80b5-cb325d670571,600,24,624
16fef06e-3566-49af-a992-8c0f93cc6826,04118228-dc07-47b3-aa7d-8af1dd2612fc,2024-08-18 11:40:00,399dfec4-01ec-4e84-80b5-cb325d670571,600,24,624
1583f744-d0cb-4224-839a-aa947d3a4ad2,62ffd2c6-fb04-45b8-9953-aeaf4dc0e21b,2024-08-18 12:21:00,399dfec4-01ec-4e84-80b5-cb325d670571,600,24,624
36939742-a1a4-4ecf-a02f-0bc9fe1d3ca2,81f3d088-3350-4505-b96b-337f89915135,2024-08-18 12:34:00,399dfec4-01ec-4e84-80b5-cb325d670571,600,24,624
237508cf-6be1-4c75-ab74-90a6b23ac45f,5c39c7e9-ba41-475b-98fa-b33e52498c90,2024-08-18 12:55:00,399dfec4-01ec-4e84-80b5-cb325d670571,8800,352,9152
477013a7-5210-4051-b719-8fdf8eaf3d6b,094321f3-e548-41d6-aaf0-6a757154ce2a,2024-08-18 14:56:00,399dfec4-01ec-4e84-80b5-cb325d670571,1800,72,1872
61744dae-b65a-4fb2-9691-5eddaa2f3b03,2592a05c-b816-4d42-9094-6c4cc1233fb8,2024-08-18 13:41:00,399dfec4-01ec-4e84-80b5-cb325d670571,700,28,728
263b158a-6830-49af-845e-c4938c4acf5d,260a02f0-ba27-48e5-b585-ad95614b3ac9,2024-08-18 11:02:00,399dfec4-01ec-4e84-80b5-cb325d670571,3400,136,3536
d76a3464-f5b2-4491-be57-48d9e3bd10e7,b531b498-2a6e-4860-986c-f8afddc6cdae,2024-08-18 12:53:00,399dfec4-01ec-4e84-80b5-cb325d670571,3800,152,3952
1cfab7db-ccf0-431a-855e-a8b4941b6d02,abb767ed-1de9-41de-92e4-140ee3246209,2024-08-18 14:01:00,399dfec4-01ec-4e84-80b5-cb325d670571,5100,204,5304
965ca0ae-60ea-4d48-8b4f-c218a7d9db69,113856d3-99ee-41a6-b3f6-e3a0f903c8ab,2024-08-18 14:14:00,399dfec4-01ec-4e84-80b5-cb325d670571,500,20,520
8a4a08dd-2000-48f2-b2f2-dfdc889cc20b,58fe2eac-79b4-4ae7-be76-cb27c7dd6ea8,2024-08-18 12:17:00,399dfec4-01ec-4e84-80b5-cb325d670571,5300,212,5512
6f4621b4-315c-4676-9403-1d65d25988ab,88e57846-c8cb-4193-8d2c-3838dfb36233,2024-08-18 08:39:00,399dfec4-01ec-4e84-80b5-cb325d670571,1600,64,1664
1c2134c4-5bcc-4fc2-813c-7887643bab1c,c30e2f33-d889-44eb-966b-5d322f423144,2024-08-18 13:35:00,399dfec4-01ec-4e84-80b5-cb325d670571,2000,80,2080
2a12411f-8de6-45ed-b9e6-92c23d31e9d6,36d8f661-8eac-4e1f-98cf-39fff66ce3a8,2024-08-18 12:13:00,399dfec4-01ec-4e84-80b5-cb325d670571,9000,360,9360
7eee3d63-7381-4b20-9a72-18438ad43f74,32493412-a54d-44b7-be0f-be74f4848984,2024-08-18 12:05:00,399dfec4-01ec-4e84-80b5-cb325d670571,600,24,624
a00b02fb-14a8-4670-89b8-fc65e99f9579,9d5d41c1-38c8-4da6-9be9-23487ec0ea78,2024-08-18 12:07:00,399dfec4-01ec-4e84-80b5-cb325d670571,600,24,624
e59612e6-7ba5-48e5-9c27-6697c37ad003,0e83b29c-870a-4a62-a84b-e7db2a461c34,2024-08-18 12:06:00,399dfec4-01ec-4e84-80b5-cb325d670571,700,28,728
9e172bd6-c95d-4775-b673-901daa45601d,8ca41c27-cf82-46d7-a704-e9548ff9b94d,2024-08-18 13:33:00,399dfec4-01ec-4e84-80b5-cb325d670571,0,0,0
c8a445a7-2936-46cc-a7ca-e26e6c92b5a6,17b1a7d9-2651-4eee-9121-2e7fd2acb293,2024-08-18 14:43:00,399dfec4-01ec-4e84-80b5-cb325d670571,7000,280,7280
ea7ccf6e-8e6b-42aa-92a9-c66e6c44f086,5a7695c2-a2b0-4fa9-b900-f13d94db2390,2024-08-18 12:18:00,399dfec4-01ec-4e84-80b5-cb325d670571,700,28,728
f457f1f7-c553-44fb-b7bd-01345f93a2c3,66356bfc-72ef-4d2c-bc16-577d3a57383a,2024-08-18 14:23:00,399dfec4-01ec-4e84-80b5-cb325d670571,600,24,624
e69f31e4-1cef-405e-8d6d-7dbe985bc2e2,d2f473ee-74dd-4e74-aa50-96154104b78e,2024-08-18 09:52:00,399dfec4-01ec-4e84-80b5-cb325d670571,7500,300,7800
f90c4a6d-9bb9-4a20-9c28-6323f2a6e977,191e694f-4bc9-4786-b0b6-1198fbb81cf2,2024-08-18 14:13:00,399dfec4-01ec-4e84-80b5-cb325d670571,500,20,520
5e1d2f95-b6e1-4936-8726-cc9a78aa95e8,94fa38c4-08f6-410a-a684-f73ecb423350,2024-08-18 14:02:00,399dfec4-01ec-4e84-80b5-cb325d670571,4300,172,4472
bb897a94-3579-4b6f-8fd1-f5c49267903d,80d03c18-5d4d-4389-b427-61522fb1fd63,2024-08-18 14:32:00,399dfec4-01ec-4e84-80b5-cb325d670571,5500,220,5720
679c0220-fb85-4227-8065-1648662a7057,fab0de85-1e9d-4a30-abed-e99da282f7a9,2024-08-18 14:15:00,399dfec4-01ec-4e84-80b5-cb325d670571,3500,140,3640
23d32bbe-b3df-46d5-bc2b-e67dbd6105e3,c1aa660d-8170-481b-b06b-b8fd060c8140,2024-08-18 14:27:00,399dfec4-01ec-4e84-80b5-cb325d670571,1200,48,1248
4c945d86-1695-430c-9539-a41c55bc9f92,e1e9b8c7-d134-4c0b-bcaa-e9fe90851348,2024-08-18 12:07:00,399dfec4-01ec-4e84-80b5-cb325d670571,4700,188,4888
0d2bf3c5-5db8-4735-a71e-a811d9864acb,fc10183f-d1a5-4d89-8215-35d052711ca7,2024-08-18 14:47:00,399dfec4-01ec-4e84-80b5-cb325d670571,1400,56,1456
89547f74-aa8a-4f2d-9fd6-2a89dfecaa8f,d6115923-276e-4dde-abe7-a6b5198bbc7a,2024-08-18 08:13:00,399dfec4-01ec-4e84-80b5-cb325d670571,8100,324,8424
614012c8-8ce4-4df3-85e3-e5d4f72bad71,4258d2e3-929f-4c61-9d8a-ecfbebf28309,2024-08-18 10:32:00,399dfec4-01ec-4e84-80b5-cb325d670571,500,20,520
6386715c-6308-45b5-b074-511360b029a8,bbd4a2a1-6d78-49be-847b-042067ac5461,2024-08-18 12:55:00,399dfec4-01ec-4e84-80b5-cb325d670571,600,24,624
4d951e85-b69d-479d-a55d-2e04cffebca2,6ebef4bf-63b8-4e88-a3ee-5371e37ad7d2,2024-08-18 09:44:00,399dfec4-01ec-4e84-80b5-cb325d670571,700,28,728
64634a29-bfe4-4a94-9167-79988a4bf260,1ab88a46-882c-4b36-afc9-ddeb8d516303,2024-08-18 11:54:00,399dfec4-01ec-4e84-80b5-cb325d670571,4900,196,5096
f438c2f1-2821-412e-9fd5-e92ea4891a83,5d3136b5-04d4-48ff-a1bb-e79686ef32d5,2024-08-18 09:08:00,399dfec4-01ec-4e84-80b5-cb325d670571,2200,88,2288
129f670b-5563-404a-80fa-ed2f12ae0417,88d26bb5-95e4-419a-802c-6557447e978d,2024-08-18 14:09:00,399dfec4-01ec-4e84-80b5-cb325d670571,1700,68,1768
77071291-f732-4f4e-b024-c28abdee3c98,a25ae8e4-e175-4dfb-ba91-c16e75397b40,2024-08-18 11:25:00,399dfec4-01ec-4e84-80b5-cb325d670571,5300,212,5512
5666da95-1f2d-470b-a844-bd600502d141,9aadacf8-7794-44fd-a9d6-9841d4462262,2024-08-18 13:46:00,399dfec4-01ec-4e84-80b5-cb325d670571,600,24,624
ff233a60-0992-4235-b8eb-15dd75d91e3d,d4b10640-7bc3-4058-80e9-f6ec9935faa6,2024-08-18 11:31:00,399dfec4-01ec-4e84-80b5-cb325d670571,600,24,624
d283b0b1-3de1-40ce-8f21-29d31b9ed871,7b4451d7-07ec-4286-8bfa-d625ce343ee2,2024-08-18 13:35:00,399dfec4-01ec-4e84-80b5-cb325d670571,1200,48,1248
12f341f7-f4ae-486f-b934-61d228eb0cac,c0f66bfa-64b7-407a-bdba-c8e6d01367c8,2024-08-18 14:33:00,399dfec4-01ec-4e84-80b5-cb325d670571,600,24,624
3580f72c-1a8a-4bc8-8cc3-b21c28544108,1cf7c15b-9c7e-4885-9240-b1459da8b9d3,2024-08-18 11:27:00,399dfec4-01ec-4e84-80b5-cb325d670571,700,28,728
02997e8f-7f96-4bd0-a33d-5dab75cc9ddc,1a01469a-0b40-4f83-b3f5-bfe9a0c8e2b2,2024-08-18 14:27:00,399dfec4-01ec-4e84-80b5-cb325d670571,5800,231,6031
5c1a8f25-eff5-4b3d-8356-4056c5e815aa,3114ee29-e9da-4bb1-aed3-262eedfa81ab,2024-08-18 13:08:00,399dfec4-01ec-4e84-80b5-cb325d670571,1800,72,1872
fdafc5d4-2d90-4c88-86a4-efa46ded0e31,6fadd350-0f6a-4d1d-bedc-1227fa69f959,2024-08-18 12:50:00,399dfec4-01ec-4e84-80b5-cb325d670571,600,24,624
e5042dc8-6d84-471f-b840-987051d361ab,c6f7aaf9-6ec6-4354-b3d4-37269e8d5231,2024-08-18 14:39:00,399dfec4-01ec-4e84-80b5-cb325d670571,8800,352,9152
9392775a-f623-4b16-9816-4e7b2ae727bc,733bc17a-6b25-4b2f-9d45-bfe808dc93c0,2024-08-18 10:01:00,399dfec4-01ec-4e84-80b5-cb325d670571,600,24,624
7c4a9041-f268-4d4f-8486-f35e4056c9e4,e4c49a66-027e-4b84-b22c-e8d611b19dc2,2024-08-18 13:29:00,399dfec4-01ec-4e84-80b5-cb325d670571,500,20,520
fbe906ad-1e26-4cd7-b345-bb8f6914c891,422fefa1-9b72-4fdf-a2f6-6d5936e922d3,2024-08-18 13:59:00,399dfec4-01ec-4e84-80b5-cb325d670571,2500,100,2600
599bbaac-aa21-4796-9ba9-4571e0629e90,ad9bc219-1b36-4623-abc4-852516d4fa51,2024-08-18 14:12:00,399dfec4-01ec-4e84-80b5-cb325d670571,7000,280,7280
6aa75a7b-aa0b-4dde-b0b6-e64ad3c6dfdf,fa3865dd-9ba6-49bf-b39a-bfcfd61455ba,2024-08-18 12:15:00,399dfec4-01ec-4e84-80b5-cb325d670571,700,28,728
1a272a18-c8ad-4da7-83ad-41dcbc5c4ea8,0c09e98e-c49b-4490-bccd-36d7bbf30674,2024-08-18 08:08:00,399dfec4-01ec-4e84-80b5-cb325d670571,0,0,0
92c1edda-904f-43fa-ac9a-e0f84bcbdddf,ccb66ac2-a3e0-4d75-b02a-5e19aa1d90fe,2024-08-18 12:33:00,399dfec4-01ec-4e84-80b5-cb325d670571,9000,360,9360
6b5122e6-d124-45a8-a168-bd27a7f21848,d5fbd31a-52ec-4888-a8e9-72d82db651a8,2024-08-18 13:39:00,399dfec4-01ec-4e84-80b5-cb325d670571,400,16,416
12afce75-d817-4844-a88a-bde74062ecc9,52db6864-a6b2-4f3b-bdaf-9f153168f4ca,2024-08-18 14:20:00,399dfec4-01ec-4e84-80b5-cb325d670571,5400,216,5616
22e8aa3c-7913-4a45-b7b1-e9bf7b32b436,a4bba0f7-6122-4743-ac59-f8ba8c5a721a,2024-08-18 13:21:00,399dfec4-01ec-4e84-80b5-cb325d670571,2000,80,2080
c125d6e6-6632-404d-8296-251415228861,0b8d755b-5279-44f7-bac8-81c2738b1111,2024-08-18 08:46:00,399dfec4-01ec-4e84-80b5-cb325d670571,600,24,624
a312dd99-5506-486c-bcd5-8091d021daec,df13ac1c-3ad8-4ead-af33-b27d83bb34c0,2024-08-18 13:15:00,399dfec4-01ec-4e84-80b5-cb325d670571,1300,52,1352
5e70c5ea-fa2c-42fd-86fe-a355d744dd16,129661e3-c7dd-4416-91cc-bc5ff453fd05,2024-08-18 11:16:00,399dfec4-01ec-4e84-80b5-cb325d670571,1700,68,1768
e8cc838b-502e-4286-b7d3-1bc176417113,00fe0742-ca1a-462a-ab05-2297bc4cded9,2024-08-18 14:22:00,399dfec4-01ec-4e84-80b5-cb325d670571,500,20,520
2c618fc9-b757-4200-9445-0a160e3b1f24,6c4f79c1-c913-4599-a82a-bc6283855909,2024-08-18 08:00:00,399dfec4-01ec-4e84-80b5-cb325d670571,700,28,728
6fd78fb4-59e6-4bb3-b954-6d730898a6a3,16663c3b-6311-46f3-bed7-0bfc02d66eb5,2024-08-18 14:42:00,399dfec4-01ec-4e84-80b5-cb325d670571,500,20,520
b0088b9d-bb2b-40a4-87f5-634534af4a87,9c63b735-e046-4f91-822e-2cdb1bb28556,2024-08-18 14:02:00,399dfec4-01ec-4e84-80b5-cb325d670571,8400,336,8736
ef0ffbba-e5a4-4209-ad16-a581b2b86033,5cc7518d-554f-4e23-82b9-a22b20fcadf9,2024-08-18 12:30:00,399dfec4-01ec-4e84-80b5-cb325d670571,7000,280,7280
56c59b13-30de-41d8-b792-5bfbe5e586bd,217c5782-039f-4c87-a461-d24c4c75963e,2024-08-18 14:55:00,399dfec4-01ec-4e84-80b5-cb325d670571,4600,184,4784
4cdc4727-115f-4330-a33b-d95c6c327cd8,e1b1bfdd-31de-442a-b9b4-d9afc8a9b68a,2024-08-18 11:06:00,399dfec4-01ec-4e84-80b5-cb325d670571,4000,160,4160
b5e39737-7e25-44e8-8842-c9f5ef291024,a6e4c77d-ae40-471c-b988-be8629ecfe5b,2024-08-18 14:35:00,399dfec4-01ec-4e84-80b5-cb325d670571,5900,236,6136
e8488efa-e88f-458a-a0e9-c18a093a7351,12f50132-c2ec-47dd-af24-548cee72d5cd,2024-08-18 12:21:00,399dfec4-01ec-4e84-80b5-cb325d670571,3300,132,3432
4fc7a96c-6e5d-49bb-ae2d-c867a4779ed5,c0ae5287-fc4d-4f95-9812-fb904bd70178,2024-08-18 13:45:00,399dfec4-01ec-4e84-80b5-cb325d670571,500,20,520
0becbd5c-6b9c-4baf-a2e0-1f90c7d001db,12220357-8d75-48b4-b8a9-c1a80e3d52fa,2024-08-18 13:47:00,399dfec4-01ec-4e84-80b5-cb325d670571,5500,220,5720
6f9f4f42-14c3-4085-9d60-8e7f3b362bba,8087043b-2bf7-4128-b23b-491f8828ab94,2024-08-18 11:44:00,399dfec4-01ec-4e84-80b5-cb325d670571,600,24,624
db36288b-7f1d-4227-b6ff-207ebce72397,03d8c987-a33d-495d-9837-2c3897de1ade,2024-08-18 14:15:00,399dfec4-01ec-4e84-80b5-cb325d670571,8800,352,9152
d2116e57-6399-43d9-a9f0-19be210aa923,44b1d4a0-6223-47a3-864d-c38fb0e92652,2024-08-18 11:37:00,399dfec4-01ec-4e84-80b5-cb325d670571,7300,292,7592
613e1df1-32f4-406d-bf66-d46fb3eea3fd,485991f9-580a-4ca9-98c7-be55ed96ecb1,2024-08-18 13:13:00,399dfec4-01ec-4e84-80b5-cb325d670571,600,24,624
4adc0a44-7df9-470b-a10e-845add089879,07601b5c-7ed9-4968-be5c-2cba1ac5e749,2024-08-18 13:19:00,399dfec4-01ec-4e84-80b5-cb325d670571,400,16,416
ff33240e-0957-4d7c-af99-e011a5493094,53c8f348-1cd0-4f74-8e94-6b422413f739,2024-08-18 14:57:00,399dfec4-01ec-4e84-80b5-cb325d670571,4800,192,4992
2b76d53c-26c3-4d54-bced-6c7f07283d4c,074494a3-c96d-425a-ac76-574c3bf0682b,2024-08-18 13:05:00,399dfec4-01ec-4e84-80b5-cb325d670571,600,24,624
c23d4558-783f-44d4-8a1d-7f4e8c8dc780,69b02737-366e-4314-b6fa-d52802a4b21c,2024-08-18 13:24:00,399dfec4-01ec-4e84-80b5-cb325d670571,1400,56,1456
c2fbdd21-2ad0-4052-ad7e-971687f3953e,d7e41540-bff7-4ed0-a86b-5aee9f21788b,2024-08-18 12:58:00,399dfec4-01ec-4e84-80b5-cb325d670571,600,24,624
1056e4aa-203b-4db6-95f6-adacbb27873a,86f6bfbd-28b9-468f-80a0-7b3bd1a9db57,2024-08-18 09:07:00,399dfec4-01ec-4e84-80b5-cb325d670571,700,28,728
052e9e04-9176-45f1-b5b1-e0b5f104dafa,1c17c750-fcf1-4a07-b7f0-811f62d52895,2024-08-18 12:50:00,399dfec4-01ec-4e84-80b5-cb325d670571,1100,44,1144
b94babc6-4c31-4a31-b962-4156dac55d8c,277f188c-086a-4f0d-8ade-c147f84d09ac,2024-08-18 14:24:00,399dfec4-01ec-4e84-80b5-cb325d670571,500,20,520
ac976a0f-4445-4939-b9c6-4936a0f62881,2ab5335d-b429-49b4-a459-2354f849e358,2024-08-18 13:43:00,399dfec4-01ec-4e84-80b5-cb325d670571,3600,144,3744
a609397e-3117-4a74-b13f-b8ea06e8c5a0,bbac9b57-854a-4f52-aec0-51184f9190c4,2024-08-18 13:18:00,399dfec4-01ec-4e84-80b5-cb325d670571,600,24,624
21d3b5f9-20c7-46da-9efa-5191edb31e22,f711d079-46d9-4d69-8972-e92561b89b64,2024-08-18 13:18:00,399dfec4-01ec-4e84-80b5-cb325d670571,3800,152,3952
ab8046c0-19e1-4b3b-8645-2a6bd9b3357d,7f0f6349-7ff2-4e9d-96cf-5a6bf221b529,2024-08-18 13:47:00,399dfec4-01ec-4e84-80b5-cb325d670571,9400,376,9776
714b88f2-9650-46ed-a58b-23536e4e4481,662a13a8-1309-48d5-bf4c-6d48b05418fe,2024-08-18 11:32:00,399dfec4-01ec-4e84-80b5-cb325d670571,3500,140,3640
af55426e-9b07-459b-af33-88fe9f2b224a,d9f59eed-a691-4ea7-9102-c38914bc0a5b,2024-08-18 13:06:00,399dfec4-01ec-4e84-80b5-cb325d670571,2100,84,2184
ca1fba6e-9300-4c99-a4a7-a7835770d6df,90dc9d88-5875-4bf3-b871-820449a026b2,2024-08-18 11:31:00,399dfec4-01ec-4e84-80b5-cb325d670571,700,28,728
94fb0a75-247b-423c-b476-bf5284d24c61,b295a4a4-a6b1-4fb7-847e-0b135ed1c18e,2024-08-18 13:05:00,399dfec4-01ec-4e84-80b5-cb325d670571,600,24,624
9b163e96-0048-4ef3-a78a-e69b2a3e599e,6485d9cb-6a0f-4d0b-9978-518788907afb,2024-08-18 12:44:00,399dfec4-01ec-4e84-80b5-cb325d670571,500,20,520
b547cef0-0151-45f6-9558-2c9c824b901c,7704c14b-191e-436e-814f-08b0fb28dcfc,2024-08-18 14:53:00,399dfec4-01ec-4e84-80b5-cb325d670571,700,28,728
0d8a968d-3846-488d-90c1-18e41c159812,8b2d2cd5-c5eb-47f1-b3e3-41c7c00c5828,2024-08-18 11:08:00,399dfec4-01ec-4e84-80b5-cb325d670571,600,24,624
e67f8f07-2eef-48f1-84e0-fa937dd2cf73,5056499f-d051-4394-a208-bdd8b73a3ab9,2024-08-18 12:28:00,399dfec4-01ec-4e84-80b5-cb325d670571,4700,188,4888
02b00fce-eeff-46be-84e2-e489b02c268f,79f701f0-7977-4b5f-b1cf-f1cdd2d8b96b,2024-08-18 10:52:00,399dfec4-01ec-4e84-80b5-cb325d670571,3800,152,3952
cd54610b-ce51-4ea6-9293-722e3a7a8ac6,5bc0eeb0-31d7-4611-bb9d-71498c761bcb,2024-08-18 14:32:00,2c7c0b40-21e5-4026-b405-3281a1c094fa,500,31,531
ceb2ec81-129e-40ac-8062-acdee2167f92,92c1b8ac-0f8c-4e0d-bf8a-acd3c5a54f25,2024-08-18 11:22:00,2c7c0b40-21e5-4026-b405-3281a1c094fa,1000,62,1062
f18b4636-1d37-4d84-8713-9859ce167ec2,47d48c6c-58d0-458b-b06f-963d2de8ac91,2024-08-18 12:05:00,2c7c0b40-21e5-4026-b405-3281a1c094fa,4400,275,4675
2e52a633-e37e-4c67-afbf-f81e10f821d0,a5eaa660-fbee-49f6-87da-6df064c916d0,2024-08-18 14:04:00,2c7c0b40-21e5-4026-b405-3281a1c094fa,700,43,743
9f554841-b06d-4996-bc8a-ec106509469e,bed501e6-d9e1-40f4-9e7f-d1073803ba16,2024-08-18 14:40:00,2c7c0b40-21e5-4026-b405-3281a1c094fa,400,25,425
5caa3277-873a-4df9-a091-0080b4ed74e5,bcde7da6-a0ce-4721-9a8b-e297fe682d71,2024-08-18 12:35:00,2c7c0b40-21e5-4026-b405-3281a1c094fa,500,31,531
bf364009-6bda-4e3d-9b9f-74628882d6ac,1d9773b9-b306-416f-9338-2b1d4cd51e0b,2024-08-18 14:59:00,2c7c0b40-21e5-4026-b405-3281a1c094fa,600,37,637
537fa809-134c-4bfa-8459-7e50d9166487,51dd755d-0902-4e8d-95b5-0439166cba06,2024-08-18 13:13:00,2c7c0b40-21e5-4026-b405-3281a1c094fa,5500,343,5843
0428feb9-60ab-49d1-a261-cfd41aee1be9,287b83cc-dda2-4591-9eb4-123ea2dcb1cb,2024-08-18 11:28:00,2c7c0b40-21e5-4026-b405-3281a1c094fa,3600,225,3825
6a82ac44-1021-47c6-b7a2-28fcdd4798d7,4334d3c1-d272-4f31-b4ff-de447c05f4dd,2024-08-18 14:01:00,2c7c0b40-21e5-4026-b405-3281a1c094fa,500,31,531
68dcce61-98f9-4cfe-a593-25ca2d0f0690,50472b1b-3caf-49fd-a0f0-3f28b45262fd,2024-08-18 09:55:00,2c7c0b40-21e5-4026-b405-3281a1c094fa,3900,243,4143
a6a043c6-f428-4f39-ae04-800434cbf06d,10e46bfd-d0f5-4e00-b866-118e3d12fb34,2024-08-18 12:03:00,2c7c0b40-21e5-4026-b405-3281a1c094fa,500,31,531
e6abdba1-071b-4dda-ba17-e33e79f78b8c,730e8ae0-96fa-4671-80f6-81c8d16efc43,2024-08-18 12:59:00,2c7c0b40-21e5-4026-b405-3281a1c094fa,7500,468,7968
7f368169-74d5-42b6-b052-495d327dcfd5,de14b04b-3662-48cd-8bf6-16eae90fbc67,2024-08-18 08:00:00,2c7c0b40-21e5-4026-b405-3281a1c094fa,500,31,531
1b1a8d0e-d783-4865-8401-4656a980205c,f3115bb3-d950-406b-b664-fc8c37ba9a53,2024-08-18 11:36:00,2c7c0b40-21e5-4026-b405-3281a1c094fa,1500,93,1593
4739da19-6615-4d2d-aba3-b9f144c5e08d,cf30a759-6248-48fd-ac21-4484c0fea2fd,2024-08-18 10:59:00,2c7c0b40-21e5-4026-b405-3281a1c094fa,8700,543,9243
f1b5441a-46f0-4b5e-9124-2a49ff8a7af2,f878e8ca-ab74-463a-8f66-556e0b5213c2,2024-08-18 10:30:00,2c7c0b40-21e5-4026-b405-3281a1c094fa,0,0,0
c81a1724-2959-4c50-be61-8e43bf6cc97b,d311e5bc-2dae-4983-ac18-73e6da13ebd6,2024-08-18 11:14:00,2c7c0b40-21e5-4026-b405-3281a1c094fa,3600,225,3825
204b6c84-c4d1-418c-a26f-d466913057ce,f1d05baf-72fd-41ef-8727-c4ea4d23984c,2024-08-18 12:27:00,2c7c0b40-21e5-4026-b405-3281a1c094fa,1100,68,1168
09f46103-ee25-4584-81e1-94bda30436dc,1fbcd07d-85bc-4c6a-b8de-d3b6edb361dc,2024-08-18 13:57:00,2c7c0b40-21e5-4026-b405-3281a1c094fa,700,43,743
222d7279-c631-49d9-b3d0-b2be5c2ac227,cc27fffc-130e-4544-9950-5954536d72d1,2024-08-18 09:04:00,2c7c0b40-21e5-4026-b405-3281a1c094fa,400,25,425
56548648-d175-4bc4-a105-db26cb4d0d42,a898b31f-c8bd-4f5e-b261-ebe31e5158bc,2024-08-18 14:23:00,2c7c0b40-21e5-4026-b405-3281a1c094fa,600,37,637
1fa28d39-2a1b-4fb3-959a-1ab6af551cfc,5a23c4ff-5b8c-4429-80a2-19329ee5f459,2024-08-18 11:52:00,2c7c0b40-21e5-4026-b405-3281a1c094fa,1500,93,1593
4065f17a-e6f5-4c28-941a-c754e3d7e51e,27385e8e-11c9-453d-a177-3a8890bab09a,2024-08-18 12:37:00,2c7c0b40-21e5-4026-b405-3281a1c094fa,700,43,743
a2a569b8-3884-4f42-bb9d-860d2019374b,09916698-df9d-4be7-a8f4-f7748cbab9a5,2024-08-18 09:45:00,2c7c0b40-21e5-4026-b405-3281a1c094fa,0,0,0
df04e59d-8a87-4b28-acc7-f1e78300cfb4,565c290f-1941-41b9-b1de-052246c89091,2024-08-18 11:08:00,2c7c0b40-21e5-4026-b405-3281a1c094fa,1800,112,1912
8aa3ee99-fb28-441f-8b20-44fcf72eba53,3685bc58-5c33-4ab6-b479-925e64579809,2024-08-18 11:42:00,2c7c0b40-21e5-4026-b405-3281a1c094fa,1600,100,1700
151db4bb-cd7a-45a3-afae-7b2ab35c9262,e0217e15-fa0a-47d8-9e48-1d6d1e49bb5f,2024-08-18 11:03:00,2c7c0b40-21e5-4026-b405-3281a1c094fa,3400,212,3612
bf652ba8-bd04-43cb-b872-c1391361e71b,ea97db70-9e3b-4bc2-973f-6e3f2be46e5f,2024-08-18 10:09:00,2c7c0b40-21e5-4026-b405-3281a1c094fa,600,37,637
88c4b0d5-ac4a-4a06-b2d5-4c761294b85c,77ee2efe-2530-4ddd-95eb-31ccc74680b3,2024-08-18 14:45:00,2c7c0b40-21e5-4026-b405-3281a1c094fa,5300,331,5631
128bc895-defc-4c83-826c-9dc42a48d311,075214f0-f5db-4b3f-a593-1d007f637722,2024-08-18 13:04:00,2c7c0b40-21e5-4026-b405-3281a1c094fa,8700,543,9243
f3c6c33b-e1df-4fd6-b9aa-2618d4cb8633,4c2e71cb-8b3f-49d5-8e3f-e1ebed34d38c,2024-08-18 11:20:00,2c7c0b40-21e5-4026-b405-3281a1c094fa,1700,106,1806
7326ea44-4a76-4d66-b8af-7eea7c2dfdbd,319f2657-c818-4212-a934-1bc84152b2d5,2024-08-18 11:37:00,2c7c0b40-21e5-4026-b405-3281a1c094fa,400,25,425
eae0905c-58f0-4bf9-aa98-7fb095271629,dc0bde54-b18c-450d-a2a5-7ec3e3bce7c3,2024-08-18 11:49:00,2c7c0b40-21e5-4026-b405-3281a1c094fa,400,25,425
6bc1c788-43c5-479a-9a1c-a0ce5b04aeee,f6a983d2-5104-41f4-a579-38c173229679,2024-08-18 11:32:00,2c7c0b40-21e5-4026-b405-3281a1c094fa,600,37,637
e9aa2efb-b036-4fd7-8cb8-026da17d2373,746e0e2f-a988-4e0c-b475-91c509254f38,2024-08-18 10:52:00,2c7c0b40-21e5-4026-b405-3281a1c094fa,0,0,0
36690670-7fc0-43dd-aeb8-449541a7a88c,8383f9c7-21ea-4a43-a564-1e5a6482135c,2024-08-18 13:53:00,2c7c0b40-21e5-4026-b405-3281a1c094fa,0,0,0
4243968b-5043-4f1f-96f3-3db6e820cae0,b456bef1-be7e-443f-8f55-cfc2ea8e6a4a,2024-08-18 10:45:00,2c7c0b40-21e5-4026-b405-3281a1c094fa,600,37,637
5b476ab7-b51a-4afb-9ee3-bc6cb50e7922,58a595a6-d47b-4e96-8ac2-e29b338c2880,2024-08-18 12:30:00,2c7c0b40-21e5-4026-b405-3281a1c094fa,9200,575,9775
e9079199-d392-4b78-a8d9-5f352d5e5e41,1230eb6d-8c33-4314-a706-f84212741ea9,2024-08-18 12:49:00,2c7c0b40-21e5-4026-b405-3281a1c094fa,400,25,425
770ac093-2954-4293-95f9-8966ba4437e0,9ad4b773-20f7-4f08-afaa-931d90d8f229,2024-08-18 11:08:00,2c7c0b40-21e5-4026-b405-3281a1c094fa,500,31,531
a397758a-aba7-4233-b772-52e93234505e,377bb6d8-437c-4b34-9c11-7bd0c9bec26a,2024-08-18 14:19:00,2c7c0b40-21e5-4026-b405-3281a1c094fa,400,25,425
de662171-8178-4112-b170-9b3921f734ab,51916883-c1b3-4480-90e3-0ad924978cc4,2024-08-18 12:58:00,2c7c0b40-21e5-4026-b405-3281a1c094fa,7300,456,7756
e1e31eaa-68e6-4aa5-a77a-9a623b8eddf3,d0233f73-d128-487f-be71-a84fc2f32766,2024-08-18 11:47:00,2c7c0b40-21e5-4026-b405-3281a1c094fa,8500,531,9031
d66597c8-5041-43fe-9b52-fe81f0669583,c7bf9141-bdf4-4972-89cc-19b540b7964f,2024-08-18 14:42:00,2c7c0b40-21e5-4026-b405-3281a1c094fa,3000,187,3187
c7848a39-61c8-4479-8466-e63675469a2e,769dd9bd-a72a-437f-a07e-076c97c4ac9a,2024-08-18 14:10:00,2c7c0b40-21e5-4026-b405-3281a1c094fa,700,43,743
63d6adf6-612c-4de0-a237-88a53ea02569,9f8ffc8a-afb8-400e-b77e-4f6a8d204645,2024-08-18 09:34:00,2c7c0b40-21e5-4026-b405-3281a1c094fa,1100,68,1168
a50fd1b0-01cb-46d1-ab06-e67afcf0abc2,762c5a04-e686-4d09-b4c3-40c6aed67774,2024-08-18 12:22:00,2c7c0b40-21e5-4026-b405-3281a1c094fa,600,37,637
06ac5ead-9658-4b5c-bcf5-41909c7dab0e,3f4bfd00-2904-4a2e-8f71-1285dd3b5b04,2024-08-18 13:07:00,2c7c0b40-21e5-4026-b405-3281a1c094fa,5100,318,5418
7dd7558c-bfad-495f-9099-188e1fe64d40,e87d7dd4-253c-4904-856b-2bc3e4610bbc,2024-08-18 08:59:00,2c7c0b40-21e5-4026-b405-3281a1c094fa,600,37,637
ff19d5fd-98f5-4498-9a40-53696c9cac61,9a65900b-27f4-4b08-a09b-f919986f3b7f,2024-08-18 14:56:00,2c7c0b40-21e5-4026-b405-3281a1c094fa,700,43,743
acb08f36-0d78-4e90-a816-dbab24632311,9d497ae5-632e-4631-bc47-3629bf598db6,2024-08-18 12:01:00,2c7c0b40-21e5-4026-b405-3281a1c094fa,7100,443,7543
8a5b06e2-82c6-41bc-bdd0-5f5e07a9326e,52ad7887-6ad2-47ed-bf0f-0af2f0503e60,2024-08-18 11:34:00,2c7c0b40-21e5-4026-b405-3281a1c094fa,1900,118,2018
e2aca7f7-ab81-414c-8ef5-28e570479619,1481f859-7fad-49a6-8222-7de03bebd7ed,2024-08-18 13:53:00,2c7c0b40-21e5-4026-b405-3281a1c094fa,600,37,637
a79a32b0-9eb1-4e69-9f33-e24cd6360c30,b261ee63-cdf8-409f-a4d5-5a5f5648f8fd,2024-08-18 08:55:00,2c7c0b40-21e5-4026-b405-3281a1c094fa,600,37,637
a34172a6-ff20-4242-96fb-b60aa6fce360,c9e4ee33-f36e-4c74-8270-87b3411b7e19,2024-08-18 12:48:00,2c7c0b40-21e5-4026-b405-3281a1c094fa,3900,243,4143
aeddf392-904b-4461-9c45-59b1053e4e8f,84b7ba40-a15f-4acf-8d3d-14fb1a028fc7,2024-08-18 14:44:00,2c7c0b40-21e5-4026-b405-3281a1c094fa,8800,550,9350
ad360c33-2b1d-4636-ab77-91cd3118d14d,e5296814-9316-48d8-8b0e-ee925b70e267,2024-08-18 10:36:00,2c7c0b40-21e5-4026-b405-3281a1c094fa,700,43,743
eab06fdd-6666-4e07-9792-27248ec4bd0e,3cd76cc6-7fbe-4ab1-8ae6-d3b44bbff2e8,2024-08-18 12:38:00,2c7c0b40-21e5-4026-b405-3281a1c094fa,3700,231,3931
ddcd010d-658f-4398-ae09-d2125a35c51e,33e4eccb-501b-4aae-89bb-fa7087ab00f6,2024-08-18 13:09:00,2c7c0b40-21e5-4026-b405-3281a1c094fa,0,0,0
d51ff56e-6359-4e87-b994-5064616a7b36,c38122f1-bf34-4609-86ba-ffd1f95e88a1,2024-08-18 08:50:00,2c7c0b40-21e5-4026-b405-3281a1c094fa,500,31,531
e6d46437-9fa3-418b-98bb-f9eebea983b5,ee30e714-bfc5-4f26-8ecd-4bd35e193dfb,2024-08-18 12:32:00,2c7c0b40-21e5-4026-b405-3281a1c094fa,1100,68,1168
0a66fc28-4c53-4b82-ae23-5d15fca988cc,f9743762-424f-47c5-9c85-273446c3b6d5,2024-08-18 10:55:00,2c7c0b40-21e5-4026-b405-3281a1c094fa,5200,325,5525
b6515813-73b5-41ef-ab8f-0e8a92233000,9a1d042b-dd0b-418b-a3ff-d0736410b88a,2024-08-18 11:03:00,2c7c0b40-21e5-4026-b405-3281a1c094fa,7200,450,7650
72f09a48-6a68-4c4e-9e48-e323106807aa,82ebe082-4789-437f-b9ad-9b5af2e151f2,2024-08-18 14:12:00,2c7c0b40-21e5-4026-b405-3281a1c094fa,700,43,743
8304be64-2d87-420a-a5ff-52d815d2b9db,4e548ed3-d902-4eca-a51d-cde7de665144,2024-08-18 12:33:00,2c7c0b40-21e5-4026-b405-3281a1c094fa,1800,112,1912
e3f0c9e6-d83c-4237-833e-42b0d79888ce,ea52d2de-60b8-4814-b45b-7e956901d0c0,2024-08-18 13:14:00,2c7c0b40-21e5-4026-b405-3281a1c094fa,1200,75,1275
82c46b0a-fb26-433d-bf4f-f740b598c5fc,669e7a05-fd01-45bb-8275-04e6656af5a3,2024-08-18 12:27:00,2c7c0b40-21e5-4026-b405-3281a1c094fa,1700,106,1806
d70004ef-425e-486f-8460-5b868744648a,b8e42ee1-c094-4f0b-af09-b9952db3e2d9,2024-08-18 10:19:00,2c7c0b40-21e5-4026-b405-3281a1c094fa,500,31,531
9cc94553-a3b0-4468-87b0-ca1b07425277,683b1948-c4f9-40a6-9354-2c9392c242e9,2024-08-18 14:53:00,2c7c0b40-21e5-4026-b405-3281a1c094fa,8000,500,8500
1c25ce56-419a-4a72-ac08-f8f9edc61034,0ea00f29-bf77-4e1e-8539-77379ca74884,2024-08-18 13:01:00,2c7c0b40-21e5-4026-b405-3281a1c094fa,3400,212,3612
97f2f04d-14bc-4dee-89ed-56cebd47d003,3e682e33-7cbe-4994-9744-100e97f4af69,2024-08-18 13:07:00,2c7c0b40-21e5-4026-b405-3281a1c094fa,500,31,531
005bc4ef-4c16-439b-84e1-e0f8c04362c4,696f0c48-8a40-4f8f-8859-0850ae368437,2024-08-18 11:50:00,2c7c0b40-21e5-4026-b405-3281a1c094fa,2400,150,2550
7e955d36-488b-4f6b-a524-69677da9aced,c55efd1e-8a85-45c7-9e8c-443b817ddda8,2024-08-18 13:10:00,2c7c0b40-21e5-4026-b405-3281a1c094fa,600,37,637
15a3bea5-8d37-438a-89d1-d71915e0da75,b4bd402f-e608-4808-aa25-5c1e1e73d7cd,2024-08-18 09:42:00,2c7c0b40-21e5-4026-b405-3281a1c094fa,1800,112,1912
b4c7cd92-a572-46db-91c2-0eb99d51292b,700e4d1f-cf30-4c0a-973c-7fd20e31e10a,2024-08-18 14:38:00,2c7c0b40-21e5-4026-b405-3281a1c094fa,2300,143,2443
54250bc9-de32-4360-9195-b9c23473c153,539ad641-1092-4ba1-aca8-56e07c8ea39f,2024-08-18 11:14:00,2c7c0b40-21e5-4026-b405-3281a1c094fa,2100,131,2231
19c815ea-367d-43dd-b9e1-fa21bd1a3fa8,60bc1e14-fc8d-459f-9069-ea94123b17f3,2024-08-18 12:57:00,2c7c0b40-21e5-4026-b405-3281a1c094fa,3300,206,3506
2dcc806d-24e3-4129-9e7e-ce8f9fb5fe0f,02642c3e-981a-40f6-8403-7e10f5c62737,2024-08-18 13:44:00,2c7c0b40-21e5-4026-b405-3281a1c094fa,700,43,743
f8a0b718-11ee-46d5-a40b-4d61923cf9de,3e5b15ad-2b58-4454-bd44-3bef2aee95bb,2024-08-18 14:44:00,2c7c0b40-21e5-4026-b405-3281a1c094fa,500,31,531
b6c60ea1-35ba-49d1-9c1d-722b5ee03290,0e0470a9-b5e2-4230-82fe-65e5ca22fb62,2024-08-18 14:22:00,2c7c0b40-21e5-4026-b405-3281a1c094fa,700,43,743
7c3cb48c-efb9-4803-8669-091020ad68ce,2e1c1627-dae7-4afb-8cc4-36f69671d09b,2024-08-18 12:20:00,2c7c0b40-21e5-4026-b405-3281a1c094fa,3400,212,3612
8907901a-1eeb-4745-97df-0e21189a29f3,95d6d46f-2318-45cf-97ad-c295c36d8a2f,2024-08-18 11:20:00,2c7c0b40-21e5-4026-b405-3281a1c094fa,5100,318,5418
2986bc22-b25e-4353-a81a-785be56f899f,ebbf123c-277c-44a3-ad68-3bc653c91f4b,2024-08-18 09:05:00,2c7c0b40-21e5-4026-b405-3281a1c094fa,3600,225,3825
b494f1c1-b495-4f76-a3cd-aa4e2ebcbb6f,fcf524b5-1c15-4765-bd62-40fd2d094003,2024-08-18 11:09:00,2c7c0b40-21e5-4026-b405-3281a1c094fa,700,43,743
2726ab5b-1a51-4c5c-adea-72b2916b997c,5ee74f0a-6394-489c-9731-e60841833a9f,2024-08-18 12:01:00,2c7c0b40-21e5-4026-b405-3281a1c094fa,3500,218,3718
7550379a-4157-43cb-9893-758665c5bec4,1f5a74aa-74c7-49bd-a95b-973dddaddc13,2024-08-18 14:57:00,2c7c0b40-21e5-4026-b405-3281a1c094fa,8500,531,9031
74d5ac14-4a50-4554-be76-3ba4f5102d61,58e99619-de64-48c0-adb0-1c722e1a8c04,2024-08-18 13:43:00,2c7c0b40-21e5-4026-b405-3281a1c094fa,600,37,637
d3fbc9a7-32fd-4b42-856a-58ed66cbb380,dbb56020-5363-4404-9682-39ca6d5615a3,2024-08-18 11:49:00,2c7c0b40-21e5-4026-b405-3281a1c094fa,4900,306,5206
3b573028-b8ae-4ad3-a81e-5aadf8da0dc7,fd31aa05-c88c-426d-9cd4-1bb676a9aab0,2024-08-18 12:37:00,2c7c0b40-21e5-4026-b405-3281a1c094fa,500,31,531
c739d4b8-abe0-4cb3-8fc9-5cc896d04f4e,717b775b-5eaa-463e-ba45-ac45e63cc1ca,2024-08-18 13:09:00,2c7c0b40-21e5-4026-b405-3281a1c094fa,1100,68,1168
95372438-d0c1-43fa-a4bf-1c888f1df996,f89fcee5-0944-4ab1-b8f9-7b894803324b,2024-08-18 13:39:00,2c7c0b40-21e5-4026-b405-3281a1c094fa,400,25,425
1843066a-cc10-4624-8265-3c36586eae4a,104dc55b-4c98-410d-823a-1a2522c15744,2024-08-18 12:27:00,2c7c0b40-21e5-4026-b405-3281a1c094fa,7400,462,7862
be9efa2c-5d79-49c8-9c0e-864cb2621a65,12c319ad-9a66-4a82-9829-242395bbe3b8,2024-08-18 13:51:00,2c7c0b40-21e5-4026-b405-3281a1c094fa,7000,437,7437
0f9a5b40-d823-4e88-b073-d43a489be048,edf93937-7467-4cbe-be92-0abc0bc28432,2024-08-18 12:15:00,2c7c0b40-21e5-4026-b405-3281a1c094fa,700,43,743
d41f3494-60e3-410b-a660-bc126cf73d29,fa75a7cf-2ade-467f-9125-602e50dd7cda,2024-08-18 12:52:00,2c7c0b40-21e5-4026-b405-3281a1c094fa,600,37,637
ab299443-7aa2-405a-807f-668626c80f2d,f1afb044-f46e-4cec-8ff5-eb3001831924,2024-08-18 14:00:00,2c7c0b40-21e5-4026-b405-3281a1c094fa,6900,431,7331
be4de22e-e44e-4101-b410-ccbd439b09c2,c4ef3d62-0566-475f-a535-93aa7b1f02bf,2024-08-18 08:28:00,2c7c0b40-21e5-4026-b405-3281a1c094fa,3500,218,3718
05246fda-920f-41db-b7e5-576851d408bf,553aff98-cb33-403c-8679-f9ad567181d1,2024-08-18 13:32:00,2c7c0b40-21e5-4026-b405-3281a1c094fa,3600,225,3825
14c8bd89-e18d-45a4-88fa-aa2aa0b75cb7,341cc826-b57e-4bbd-8201-efedaf4c92d1,2024-08-18 10:31:00,2c7c0b40-21e5-4026-b405-3281a1c094fa,1200,75,1275
fb14c1d6-9db1-433e-a430-091f4ff49422,0ce10161-1134-4e4b-bd47-2981eba0b404,2024-08-18 14:00:00,2c7c0b40-21e5-4026-b405-3281a1c094fa,6800,425,7225
10904396-15ce-4251-8ec4-a4fdc975649a,fadca7a4-2277-45c8-88aa-ee9f34bf341f,2024-08-18 13:27:00,2c7c0b40-21e5-4026-b405-3281a1c094fa,1600,100,1700
955c8010-9848-405a-8a0c-9091f5a278e6,5ae067ce-c89b-429a-bfd8-835bd4f6c745,2024-08-18 10:05:00,2c7c0b40-21e5-4026-b405-3281a1c094fa,600,37,637
d0c4392d-0e4f-40f2-a105-a7cdaeef90f7,6bb09c4b-0695-44ea-abd7-b1f9ea506814,2024-08-18 10:31:00,2c7c0b40-21e5-4026-b405-3281a1c094fa,500,31,531
55e80d9d-0484-48ad-9d3d-5bdad00e7677,15b65c69-9ddb-449a-982b-c2e132a983f6,2024-08-18 12:00:00,2c7c0b40-21e5-4026-b405-3281a1c094fa,3600,225,3825
4f4f1a49-35b7-4cc6-9ca9-87ef1c558643,d9731a0e-c5f3-4a28-a7b7-108045d90039,2024-08-18 12:27:00,2c7c0b40-21e5-4026-b405-3281a1c094fa,400,25,425
acae80e7-5f71-4517-9df0-639863186237,ec200c8d-8fb0-4370-a443-0ef74c624392,2024-08-18 09:25:00,2c7c0b40-21e5-4026-b405-3281a1c094fa,600,37,637
fb23ee0c-cfc0-4796-a206-58ad36591afa,332a1502-92d0-4eca-abc8-3733b038dba7,2024-08-18 13:58:00,2c7c0b40-21e5-4026-b405-3281a1c094fa,500,31,531
1a9dc46f-5ed4-4416-85e7-bf74c8047497,fe2cb402-d1e2-4ff7-8f29-2d2e9cd26fb6,2024-08-18 14:06:00,2c7c0b40-21e5-4026-b405-3281a1c094fa,3600,225,3825
afc61d2b-dceb-44e0-b15f-dc19d1bff560,128657ab-6c0f-4b68-b619-8522913ff958,2024-08-18 14:31:00,2c7c0b40-21e5-4026-b405-3281a1c094fa,600,37,637
5de6a8a8-2934-40a2-91cd-09ed1ebe48de,1d2f064c-e50e-4334-a6df-969986a2b286,2024-08-18 14:38:00,2c7c0b40-21e5-4026-b405-3281a1c094fa,5500,343,5843
7b81b36c-9b99-48eb-a3c0-c7752a096def,8d2e11c2-d6a5-4854-bd30-4e74fda2e172,2024-08-18 11:46:00,2c7c0b40-21e5-4026-b405-3281a1c094fa,600,37,637
5d378190-3cab-48b4-aba4-d8f57043f8c4,cfd557f6-4392-4f2a-87cb-5cf7faa38c04,2024-08-18 13:50:00,2c7c0b40-21e5-4026-b405-3281a1c094fa,6800,425,7225
f2a2fb45-dcee-4a3d-a1e3-caefff7a4c25,7beda6ac-0bd6-49df-a0f7-aa259adb8ec1,2024-08-18 09:27:00,2c7c0b40-21e5-4026-b405-3281a1c094fa,1500,93,1593
3eca2c58-6482-495f-909f-f529350d38e5,6baf1e46-52c6-4e6d-8297-848fe09a0a7d,2024-08-18 12:50:00,2c7c0b40-21e5-4026-b405-3281a1c094fa,1200,75,1275
6c694266-63bb-4e2d-a26b-1a358d9b9de2,73ffeb0a-1eff-45da-a196-7ff2b71038cd,2024-08-18 12:49:00,2c7c0b40-21e5-4026-b405-3281a1c094fa,2600,162,2762
333fbae4-c336-4dc5-a8ef-cda42dd7705d,28cb7926-5024-4e70-bcdb-6f122584b666,2024-08-18 14:00:00,2c7c0b40-21e5-4026-b405-3281a1c094fa,600,37,637
63766f28-045e-4ca6-acb9-85e58eaa3353,c9caa866-c448-4027-ac51-350ceb472f0a,2024-08-18 08:18:00,2c7c0b40-21e5-4026-b405-3281a1c094fa,600,37,637
ff4d7ac3-0403-4462-a371-9ec83ecb7602,89d10f9d-bcf5-409f-91e9-46034c3cef1d,2024-08-18 12:48:00,2c7c0b40-21e5-4026-b405-3281a1c094fa,5400,337,5737
c1dc7ce6-3897-4881-abc2-834ee7dc3d2a,e5833bd3-f6b2-405a-9f22-701ad8905ecf,2024-08-18 09:25:00,2c7c0b40-21e5-4026-b405-3281a1c094fa,1600,100,1700
9cb3c7cc-dbc5-4222-b07d-5c41731b0a6a,3c55c3b5-53c7-4c08-ae08-36d5c77362e5,2024-08-18 11:28:00,2c7c0b40-21e5-4026-b405-3281a1c094fa,600,37,637
ffb07f79-f1c5-4285-9e28-118e37ac62ec,47e6b98f-1bc2-4e71-9c31-7359525c89a4,2024-08-18 12:48:00,2c7c0b40-21e5-4026-b405-3281a1c094fa,2300,143,2443
f3e11e62-00df-4a2a-929b-407180a7d0c6,daeb0a8d-7840-447b-bb99-8952510a6f73,2024-08-18 08:25:00,059136e5-beb1-43f4-a3fe-9cc14dd0989b,400,30,430
b0cb7198-9408-49ba-9902-cca62b66c343,ff2da684-c201-46c5-8d08-053bd768156b,2024-08-18 12:32:00,059136e5-beb1-43f4-a3fe-9cc14dd0989b,600,44,644
3f683ade-b765-4de3-8d8a-714800936d0d,fbbde25c-9726-4609-bf16-18667aaf6916,2024-08-18 11:09:00,059136e5-beb1-43f4-a3fe-9cc14dd0989b,400,30,430
f5fe592f-944e-45fe-8b7e-3d3412ee4e92,0ec625a2-fc02-4a3c-abdf-734399d1c80f,2024-08-18 11:31:00,059136e5-beb1-43f4-a3fe-9cc14dd0989b,1600,120,1720
e06bec41-1cc7-40b4-8818-c85e22ac84ed,7826d807-3a2c-4943-8639-7db1ff2935e1,2024-08-18 13:00:00,059136e5-beb1-43f4-a3fe-9cc14dd0989b,7500,562,8062
f6b24ee6-8579-4026-95d8-8e027e18d796,db50af94-1909-4313-988e-8695a73ed980,2024-08-18 11:00:00,059136e5-beb1-43f4-a3fe-9cc14dd0989b,600,44,644
f4ad5443-5400-409c-8502-3ec98f54b93a,c80ec0da-3a0e-45c2-bde3-4522bf8fa6da,2024-08-18 11:56:00,059136e5-beb1-43f4-a3fe-9cc14dd0989b,7000,525,7525
8ccf229d-26ff-4de7-b20a-26cdc0a4eacf,44cd1c90-3e7d-45f1-b7a7-eb24f631ec62,2024-08-18 13:17:00,059136e5-beb1-43f4-a3fe-9cc14dd0989b,400,30,430
04609c53-0a35-4804-8ff9-35720a4c5726,ab9a0bd4-92b5-4830-85c6-278efca955b1,2024-08-18 13:08:00,059136e5-beb1-43f4-a3fe-9cc14dd0989b,500,37,537
2c165b09-b4fe-4540-a7ed-f76097de8c27,ae311a19-32f3-4229-9a4d-133ebe94fc40,2024-08-18 09:50:00,059136e5-beb1-43f4-a3fe-9cc14dd0989b,3300,247,3547
9379be4c-1fff-480f-b78c-8a9bab39d8b5,bf161159-fa7d-4518-a432-f2f190ccff50,2024-08-18 11:33:00,059136e5-beb1-43f4-a3fe-9cc14dd0989b,5100,382,5482
a909bba0-02f3-44cf-a972-878ec5df239b,51cad696-8312-4f57-8a0b-4fbdbe11af59,2024-08-18 12:19:00,059136e5-beb1-43f4-a3fe-9cc14dd0989b,700,52,752
b5d32823-9191-41df-be47-6ab485336f6c,db141e3f-3d18-40d6-839f-2134a82d5c7d,2024-08-18 10:25:00,059136e5-beb1-43f4-a3fe-9cc14dd0989b,4000,300,4300
3a5a5083-ea7f-484a-8151-5dc43d3dce02,16c25ed9-359e-491e-a479-07e803146a44,2024-08-18 11:32:00,059136e5-beb1-43f4-a3fe-9cc14dd0989b,2900,217,3117
9452e78d-c218-40a3-bc6b-3044922cf3c6,61136e8e-abe1-4a58-9aba-135c6d0537e8,2024-08-18 09:59:00,059136e5-beb1-43f4-a3fe-9cc14dd0989b,9000,675,9675
70e96a5b-2596-4bbe-a616-98dcea5ab20c,e86ac74b-8729-43b6-8692-fdc32ef8e00e,2024-08-18 11:44:00,059136e5-beb1-43f4-a3fe-9cc14dd0989b,9100,682,9782
7ce47fce-5596-4877-9160-bcaaf4bcc463,6051d0e2-7b43-4406-af46-4349d49109fa,2024-08-18 12:32:00,059136e5-beb1-43f4-a3fe-9cc14dd0989b,1100,82,1182
323e8e49-abe7-4520-b033-67160f4744fc,a6f69346-c832-4246-84be-1da4de7cadf0,2024-08-18 13:35:00,059136e5-beb1-43f4-a3fe-9cc14dd0989b,8400,630,9030
eb1ceebd-161e-4b79-8150-3c43364cc5e0,1fac254d-9897-48f4-8805-ce340d97cdac,2024-08-18 10:44:00,059136e5-beb1-43f4-a3fe-9cc14dd0989b,7100,532,7632
833bba33-45be-41cd-a58e-4bd9205260ec,e14001b0-3932-4497-86c9-3d31d51b3e3e,2024-08-18 13:18:00,059136e5-beb1-43f4-a3fe-9cc14dd0989b,500,37,537
f658439f-a1fc-4b5e-a344-f2bb92f304e0,76728cb5-33de-4142-bcc8-61a9a63b3a90,2024-08-18 13:20:00,059136e5-beb1-43f4-a3fe-9cc14dd0989b,400,30,430
ca7846b6-62d1-4473-a482-4362d95196c9,478906bc-057a-41da-a756-2ab94b7817b4,2024-08-18 09:14:00,059136e5-beb1-43f4-a3fe-9cc14dd0989b,700,52,752
7617b180-a146-4234-8862-af04af8f8070,ed697b2d-ca88-4faa-99a4-9c92fa1017e2,2024-08-18 12:00:00,059136e5-beb1-43f4-a3fe-9cc14dd0989b,600,44,644
993d4ab2-59bc-422c-8a7f-4ec28bde939f,036f15e9-d039-4cb4-b180-c77ec9a69d54,2024-08-18 11:14:00,059136e5-beb1-43f4-a3fe-9cc14dd0989b,4000,300,4300
7aef3eec-18ec-49d8-ab47-8ac2ae79bdbb,f3770952-5a51-4000-a02e-03c4918954dd,2024-08-18 14:38:00,059136e5-beb1-43f4-a3fe-9cc14dd0989b,600,44,644
78c64bfc-7df8-47a7-9150-6adef2c023c3,84345e57-4d88-48e8-823d-ef85cbe1ebea,2024-08-18 14:32:00,059136e5-beb1-43f4-a3fe-9cc14dd0989b,500,37,537
89ba641a-ed45-470b-80fb-a33abcb46029,5561a060-6b64-47b3-ba41-ace3f20a275d,2024-08-18 10:24:00,059136e5-beb1-43f4-a3fe-9cc14dd0989b,1800,135,1935
1118f401-45ed-427c-b906-ac6d8758f757,e1a1d22a-5414-4fda-9c30-a8660cf52843,2024-08-18 12:16:00,059136e5-beb1-43f4-a3fe-9cc14dd0989b,9000,675,9675
3991847f-3372-4852-bf97-f5ef43e6cdf0,2aaa6669-b06a-47bb-b44e-83340206531a,2024-08-18 09:58:00,059136e5-beb1-43f4-a3fe-9cc14dd0989b,5800,434,6234
2e6af66a-c9ea-4a71-abc2-dcbbb0957880,daffc59b-fd5d-48fc-a81a-311c5e0885a5,2024-08-18 10:52:00,059136e5-beb1-43f4-a3fe-9cc14dd0989b,1400,105,1505
15a0b504-7312-4dbe-99f6-b696a9c522de,37fc1b50-84ef-40db-b99a-64dd7281c7a7,2024-08-18 13:23:00,059136e5-beb1-43f4-a3fe-9cc14dd0989b,4100,307,4407
2c781fda-f9f3-4ea3-9beb-139a44d3e1b6,35bf73a3-f268-4294-8a12-bc9a1b83db11,2024-08-18 11:21:00,059136e5-beb1-43f4-a3fe-9cc14dd0989b,3000,225,3225
3f8027fc-0475-4df8-990a-7608a3b7ef51,e0983e91-a701-429d-bc70-28a23527f04c,2024-08-18 12:48:00,059136e5-beb1-43f4-a3fe-9cc14dd0989b,600,44,644
b450c1f4-f3e8-4313-b4b4-2e998d6c0972,40ec592a-e3ab-417e-ad8f-8f4c3f5dc8cd,2024-08-18 14:54:00,059136e5-beb1-43f4-a3fe-9cc14dd0989b,500,37,537
cf60b1ad-e0a3-40ac-b86a-966a039377b6,9de52609-765d-4f93-9f5a-55227ae96364,2024-08-18 14:55:00,059136e5-beb1-43f4-a3fe-9cc14dd0989b,1800,135,1935
9cb51275-b633-4610-9f7e-922f3903f7ca,b2bcb97e-4971-4a36-b07b-6441cb1a6192,2024-08-18 10:33:00,059136e5-beb1-43f4-a3fe-9cc14dd0989b,1700,127,1827
9321cd07-9a23-4224-bb19-b6e86fc8d35f,cf4cb81b-3231-491c-bff8-a6da05b7b93f,2024-08-18 11:33:00,059136e5-beb1-43f4-a3fe-9cc14dd0989b,2700,202,2902
29a30c78-c567-4c61-b36a-9e3dd774402d,55a28803-2496-4e1a-84e5-f0a46aaead70,2024-08-18 13:29:00,059136e5-beb1-43f4-a3fe-9cc14dd0989b,600,44,644
eef296df-73ad-4515-b5b7-4e0630e1316e,acdd6ba9-67b1-49cf-9f67-48f51a3b4e2f,2024-08-18 12:08:00,059136e5-beb1-43f4-a3fe-9cc14dd0989b,3500,262,3762
898af4f7-4cf6-4656-a790-ddd9299fb79e,2330e2df-0eac-4584-a22e-876c59f0ac69,2024-08-18 13:59:00,059136e5-beb1-43f4-a3fe-9cc14dd0989b,3500,262,3762
e10478ee-5b92-4057-b019-4f7df04c6f03,a667db0b-0ee8-4526-8362-1192b199f850,2024-08-18 14:25:00,059136e5-beb1-43f4-a3fe-9cc14dd0989b,1800,135,1935
0e3becb8-bbe8-40f6-94ef-d8bb66219d67,e51ff3e5-c9ac-4a9c-b8d4-2d62d04f9d59,2024-08-18 12:30:00,059136e5-beb1-43f4-a3fe-9cc14dd0989b,400,30,430
c72f49c7-e6c9-404d-bc7f-8aa76ec3b591,37a5320c-de51-4a39-8c68-2ff5e37f7a0a,2024-08-18 12:11:00,059136e5-beb1-43f4-a3fe-9cc14dd0989b,700,52,752
3667301d-65f2-4851-982f-76edb8e0f70e,5557ee9c-aeb5-4267-9fc0-6430874d3a0c,2024-08-18 08:29:00,059136e5-beb1-43f4-a3fe-9cc14dd0989b,4400,330,4730
7d4698b0-fc86-409d-b696-40c1dedeff8c,d3721883-cbf4-403c-86f4-addf916ec123,2024-08-18 10:07:00,059136e5-beb1-43f4-a3fe-9cc14dd0989b,600,44,644
34ff6aef-f70e-4087-bbe5-6523880ed39a,41c9f26f-ad03-4bb6-b0c8-6c4754d887fc,2024-08-18 12:47:00,059136e5-beb1-43f4-a3fe-9cc14dd0989b,600,44,644
819980c6-a146-4cfa-82e3-73f617096de8,37408182-3e51-4140-9ebb-a1e4cc3eeb69,2024-08-18 13:11:00,059136e5-beb1-43f4-a3fe-9cc14dd0989b,9400,705,10105
2cbeb163-fda3-45f1-b051-8175204914d9,e7cb0957-3b8a-4d78-807e-241cdafaf2a3,2024-08-18 12:50:00,059136e5-beb1-43f4-a3fe-9cc14dd0989b,0,0,0
8ecb9119-ecbc-4393-8532-374cd859dcfc,d1221cb3-2f69-46ce-bd21-ed3d9fd32d08,2024-08-18 11:27:00,059136e5-beb1-43f4-a3fe-9cc14dd0989b,500,37,537
eaa9bfeb-d889-48de-8e29-31f4c8d1251a,f813d86e-8dfa-492e-8e09-ac432110ec41,2024-08-18 10:54:00,059136e5-beb1-43f4-a3fe-9cc14dd0989b,700,52,752
0f985562-ddef-401a-9a55-7ffb03c0a38e,aec2afd8-9774-4a64-a81c-40bb66acfcfd,2024-08-18 12:27:00,059136e5-beb1-43f4-a3fe-9cc14dd0989b,2300,172,2472
f70e8dc7-821b-434f-9977-23de56a48917,52713a79-bbcf-4dae-b373-094c94cdaa42,2024-08-18 14:35:00,059136e5-beb1-43f4-a3fe-9cc14dd0989b,2500,187,2687
86abdb5a-2a5e-49eb-a672-55d1996e061d,79531b7c-dfe8-4491-93a9-75b7d24c9899,2024-08-18 12:56:00,059136e5-beb1-43f4-a3fe-9cc14dd0989b,3400,254,3654
97088ef3-ffef-4460-a605-efedbda8991c,af8056d0-af18-451b-83d5-66cbe6056b73,2024-08-18 10:03:00,059136e5-beb1-43f4-a3fe-9cc14dd0989b,7000,525,7525
e68a4955-1cba-4fd1-a3ea-02e46a9241ed,e30823c7-4938-46fa-acf1-e89610c26f81,2024-08-18 12:59:00,059136e5-beb1-43f4-a3fe-9cc14dd0989b,500,37,537
68c1ec61-ce6c-4ed6-9e47-3985851fc48d,8a23372e-fab4-4779-8f74-6f8a0f73b768,2024-08-18 13:51:00,059136e5-beb1-43f4-a3fe-9cc14dd0989b,2200,165,2365
b372b63a-99bc-43da-a0b8-53b708c9b08f,34fbe879-d0cc-45b7-bf6b-da9542a4246f,2024-08-18 12:26:00,059136e5-beb1-43f4-a3fe-9cc14dd0989b,700,52,752
b1d2a8cb-c8e2-47af-91d9-038507028ede,b2e021cb-5b71-4a44-9b75-49a8a45a5c8e,2024-08-18 13:35:00,059136e5-beb1-43f4-a3fe-9cc14dd0989b,600,44,644
e2f3cb86-b749-4569-9aa9-3299b928c495,e8f1ac4f-82cd-44e6-9177-0af3eda24435,2024-08-18 11:32:00,059136e5-beb1-43f4-a3fe-9cc14dd0989b,400,30,430
81950522-8c18-4fb3-8272-1e161dd59c03,3a515aa3-68cd-44aa-aace-5182631c4705,2024-08-18 12:19:00,059136e5-beb1-43f4-a3fe-9cc14dd0989b,600,44,644
3e660d13-74cb-49af-8157-bc86307564cc,509898dd-5cbb-4917-ba83-cc39383ed6e1,2024-08-18 14:42:00,059136e5-beb1-43f4-a3fe-9cc14dd0989b,3600,270,3870
d48f06dc-249c-4863-8809-d42dac38e7e4,692f8494-544f-4a7c-8aeb-1864348706b3,2024-08-18 12:49:00,059136e5-beb1-43f4-a3fe-9cc14dd0989b,5500,412,5912
53fd55bc-ab92-451d-80b9-04d4755a8b2b,1ceec0f9-a0bb-40ff-a5cb-2bc97c25fdab,2024-08-18 11:32:00,059136e5-beb1-43f4-a3fe-9cc14dd0989b,400,30,430
79803a24-e4df-4214-895d-b862b5cbd093,ba528372-7be1-417a-8bd9-8b0cfc73b7a3,2024-08-18 10:56:00,059136e5-beb1-43f4-a3fe-9cc14dd0989b,4300,322,4622
d6959604-176e-42da-911f-122e585af272,8afd022f-4b28-4638-856c-b2eb7da37530,2024-08-18 10:06:00,059136e5-beb1-43f4-a3fe-9cc14dd0989b,500,37,537
3f34092e-96fa-4e4f-baa0-57c98002b698,6d6b4b9b-ccd0-415b-9c87-7b27a0cea385,2024-08-18 11:46:00,059136e5-beb1-43f4-a3fe-9cc14dd0989b,1900,142,2042
3538ae13-4cd8-4499-99a2-bc90b42960bc,9929ce1c-11c1-48d6-936f-562518640d5c,2024-08-18 14:00:00,059136e5-beb1-43f4-a3fe-9cc14dd0989b,500,37,537
4c5b0430-0abf-46d0-b3be-c0364c8c3065,65587b67-2db3-4f9e-9532-5a8b5168baeb,2024-08-18 13:55:00,059136e5-beb1-43f4-a3fe-9cc14dd0989b,0,0,0
d7bb5576-54b3-4431-ae0d-92bdabf5f905,5a85894e-8877-4fe8-abc7-25ee8d4f3683,2024-08-18 09:12:00,059136e5-beb1-43f4-a3fe-9cc14dd0989b,600,44,644
56ad21cf-c3c2-4ff8-9b38-2d15142191d4,c5ab98d6-40f2-4554-9345-8e4cb38e7e42,2024-08-18 12:23:00,059136e5-beb1-43f4-a3fe-9cc14dd0989b,3800,285,4085
c269bcd3-7a2b-42d0-88ff-a231d488d829,3cd1d06f-f125-41ef-9dc7-06e1953a097b,2024-08-18 12:27:00,059136e5-beb1-43f4-a3fe-9cc14dd0989b,400,30,430
457eafbb-d98d-4e9a-b6f2-af142fcdc822,7bdf9ccb-e86a-457c-a8d0-b3064be99f48,2024-08-18 10:50:00,059136e5-beb1-43f4-a3fe-9cc14dd0989b,3200,240,3440
b5b7aba5-fe4a-4b39-b765-37d514d1ff03,b933b8d1-2777-4f0a-a2da-d98923e7b020,2024-08-18 12:17:00,059136e5-beb1-43f4-a3fe-9cc14dd0989b,600,44,644
ce4567b2-b58c-4f94-8baa-61e28b10429e,01ebacae-f8e9-436f-8ae1-8a621be9f5e5,2024-08-18 12:06:00,059136e5-beb1-43f4-a3fe-9cc14dd0989b,2800,210,3010
c5ae48b6-6e37-45b4-81c9-1718af6abca5,e65495c3-185b-4c73-b633-7b1708f4ad89,2024-08-18 13:57:00,059136e5-beb1-43f4-a3fe-9cc14dd0989b,3200,240,3440
e9433c31-c1b2-4e22-8c48-5e5cb0ef9691,b5cb4ced-80b0-42b7-aa05-6b3107491038,2024-08-18 13:42:00,059136e5-beb1-43f4-a3fe-9cc14dd0989b,700,52,752
e37ca0bd-c8f4-4411-9d73-d5ce8a741148,9af6a279-c409-4cf3-bd2f-3d6af0389baf,2024-08-18 14:32:00,059136e5-beb1-43f4-a3fe-9cc14dd0989b,400,30,430
c4a26ef6-563f-409e-95f6-04c8cd63a345,8241d5ee-dc4e-4450-adeb-952f814563f6,2024-08-18 13:12:00,059136e5-beb1-43f4-a3fe-9cc14dd0989b,500,37,537
3f8ba3b6-b320-471a-a2e2-78a38d89e5d6,bc2e69d4-ac6e-4377-bf7b-e90fb40aad98,2024-08-18 14:31:00,059136e5-beb1-43f4-a3fe-9cc14dd0989b,0,0,0
98fddd7a-5c35-41fd-81a2-7cb57fa5e00b,04c195d4-4dc6-47ab-8951-45427e72b536,2024-08-18 12:31:00,059136e5-beb1-43f4-a3fe-9cc14dd0989b,500,37,537
71ce125a-16a2-475e-a739-4e6a6f04786c,ea074be8-e25e-4abf-bb19-eaa46cfd1e17,2024-08-18 13:58:00,b5941a70-cf63-407e-8c24-c979e7f61e45,6700,268,6968
4ea74d4f-5c7d-4a1b-a847-8ca90d1b67db,a26c8aaa-f56f-489c-875a-f96f29b14afb,2024-08-18 11:39:00,b5941a70-cf63-407e-8c24-c979e7f61e45,3500,140,3640
2e432408-3eed-4f57-8288-e49691327c1f,2b95812c-96e3-4c71-b994-40bd090d6422,2024-08-18 12:30:00,b5941a70-cf63-407e-8c24-c979e7f61e45,600,24,624
ca166660-3608-4e9b-8787-211510d633ba,cfe678c2-234b-4b62-809d-8caee64e6323,2024-08-18 08:56:00,b5941a70-cf63-407e-8c24-c979e7f61e45,400,16,416
c08b076e-a31e-4dde-9c4b-2dcfc08fa92b,162093d1-12b1-4f06-9ff7-56f2f0a73461,2024-08-18 10:37:00,b5941a70-cf63-407e-8c24-c979e7f61e45,600,24,624
217e3d38-0528-4dc9-b6dc-c7191e5bc291,af2bf82c-ea3d-4e9b-be5d-f79cf8707704,2024-08-18 13:37:00,b5941a70-cf63-407e-8c24-c979e7f61e45,5600,224,5824
4390cb65-3c4b-4715-82ce-8fe9e6672bc1,27cb95ff-ee8e-4657-a18e-165688b1bc39,2024-08-18 10:31:00,b5941a70-cf63-407e-8c24-c979e7f61e45,8500,340,8840
695d2479-cc57-40cf-8f5e-d31606c2cb80,35cb739c-aa7a-4612-b4d0-01c8e37a6c7f,2024-08-18 11:52:00,b5941a70-cf63-407e-8c24-c979e7f61e45,2000,80,2080
691c013b-abc7-43e7-bee2-6804e64a49dd,22d560dc-7d37-4c64-a28e-bf2e181c0a81,2024-08-18 12:39:00,b5941a70-cf63-407e-8c24-c979e7f61e45,500,20,520
3669a2e9-eae0-4076-9fbf-de0a51304829,783d638a-a73b-4d58-a792-5b07857366ef,2024-08-18 11:35:00,b5941a70-cf63-407e-8c24-c979e7f61e45,600,24,624
8fdbdb22-b06f-4b66-aed2-27c7d18b47f3,6e2a0795-52d8-4fa5-8cbf-8ff763939515,2024-08-18 14:47:00,b5941a70-cf63-407e-8c24-c979e7f61e45,1800,72,1872
471b35d4-1911-4a9b-a756-8d4ec8be1904,5bdef59a-94a7-4f55-a527-34a14a8ddcd4,2024-08-18 11:47:00,b5941a70-cf63-407e-8c24-c979e7f61e45,400,16,416
4fe7d320-2892-453f-b7c3-89b79266d00f,c72ef573-7104-4b39-b0e3-c1e356d7852d,2024-08-18 14:36:00,b5941a70-cf63-407e-8c24-c979e7f61e45,1500,60,1560
52a5c8fe-db7f-424e-b240-3a6dc43c37f4,c8fe3325-7aa6-4be9-9ad7-b3c3b05dc955,2024-08-18 13:16:00,b5941a70-cf63-407e-8c24-c979e7f61e45,1500,60,1560
d264cc6b-5c3b-4772-9fb2-33a27008ccc3,3b4c8c25-e309-4e8c-928c-042c56212f80,2024-08-18 12:49:00,b5941a70-cf63-407e-8c24-c979e7f61e45,700,28,728
791c5258-a5ee-4615-a483-0fa39a379fca,a9c4090e-7b43-44ca-8ce0-1e8b42e533cd,2024-08-18 11:14:00,b5941a70-cf63-407e-8c24-c979e7f61e45,4900,196,5096
a2abba03-3824-48c4-a96f-182b113270cf,20d3c912-c56f-4e52-81f5-0270797ca85a,2024-08-18 14:16:00,b5941a70-cf63-407e-8c24-c979e7f61e45,600,24,624
b563ef52-ccb7-4e02-8baf-6786e6b3fd65,9d330313-dfc3-4167-8d1e-7010f0360e77,2024-08-18 09:57:00,b5941a70-cf63-407e-8c24-c979e7f61e45,500,20,520
a5572c76-d49e-4bbf-8157-82df4cc9788b,a3af825a-458f-437d-ad23-859770fd90f4,2024-08-18 09:42:00,b5941a70-cf63-407e-8c24-c979e7f61e45,3300,132,3432
d557ddc6-2da9-409e-9218-8764024219a5,95b58b5c-0e63-4e83-abf6-89a521a2c4f3,2024-08-18 10:20:00,b5941a70-cf63-407e-8c24-c979e7f61e45,3400,136,3536
0465b97d-7001-47dd-92d5-94ccd0348af3,c74b453a-265c-4336-a8fe-e0e46a311697,2024-08-18 14:06:00,b5941a70-cf63-407e-8c24-c979e7f61e45,1100,44,1144
76f78880-3f59-45a6-845e-457e138b2508,67a854b8-54c7-40ee-b9f9-e7b0f261bbb1,2024-08-18 11:37:00,b5941a70-cf63-407e-8c24-c979e7f61e45,600,24,624
b854361d-641e-4b80-bc95-2105662a1625,c95036c7-b205-4c9e-b14f-2d009d5d0c76,2024-08-18 13:33:00,b5941a70-cf63-407e-8c24-c979e7f61e45,1100,44,1144
f12d6102-dfdb-49bb-a4e3-c51edede523b,817673e8-9ff5-4e87-afbe-7737a7af7504,2024-08-18 14:54:00,b5941a70-cf63-407e-8c24-c979e7f61e45,9000,360,9360
a7f7eb77-bb94-41e9-81a4-098eab90be8d,06a6edf3-ee56-4ffa-8133-b10eb27a0909,2024-08-18 12:55:00,b5941a70-cf63-407e-8c24-c979e7f61e45,6700,268,6968
96e49a93-121c-4134-a1ad-071a5ddf7f43,5fd88fba-3fdd-4be3-b693-023235215d66,2024-08-18 10:31:00,b5941a70-cf63-407e-8c24-c979e7f61e45,2800,112,2912
1bc0674f-6924-401c-aefb-a71f983af63d,a443515b-c5ea-4400-a9b4-1618a5764390,2024-08-18 13:30:00,b5941a70-cf63-407e-8c24-c979e7f61e45,400,16,416
44a19c4a-8c5b-4e3b-b7f4-02f1c9297441,615c2b61-925a-454f-8302-0ff235595665,2024-08-18 13:48:00,b5941a70-cf63-407e-8c24-c979e7f61e45,2500,100,2600
4602ea82-13cc-401d-baf0-19a492df3292,64ab2edd-3638-4512-8637-f5b092e70b12,2024-08-18 12:04:00,b5941a70-cf63-407e-8c24-c979e7f61e45,3500,140,3640
cc1c7601-05b5-45ef-af77-384b48a38802,3ac82e2d-4337-43f2-852f-933842baca7a,2024-08-18 11:46:00,b5941a70-cf63-407e-8c24-c979e7f61e45,500,20,520
860b591d-df87-4c9a-b010-8d8bc2022e79,3a0320ef-2ab5-4253-b221-8e09a98e50a3,2024-08-18 13:15:00,b5941a70-cf63-407e-8c24-c979e7f61e45,500,20,520
cca54a33-0918-44d0-966b-8a702049fe72,33f1d392-7275-48b2-a60d-cdff021d282e,2024-08-18 10:30:00,b5941a70-cf63-407e-8c24-c979e7f61e45,500,20,520
6dbc6147-2625-4e03-b155-b4c9b7570d2d,275d4d3f-2c71-4323-aebc-338b3f12c22c,2024-08-18 09:38:00,b5941a70-cf63-407e-8c24-c979e7f61e45,3100,124,3224
f6b5a933-e1cb-481a-836c-3292a38f9730,664e3ba0-58b3-4495-80a8-feee27c54f5a,2024-08-18 11:22:00,b5941a70-cf63-407e-8c24-c979e7f61e45,1900,76,1976
321806c5-b373-496c-b66a-82758237527c,3c05a1bf-1e47-4e78-a5f7-eaa41e8954ce,2024-08-18 13:54:00,b5941a70-cf63-407e-8c24-c979e7f61e45,700,28,728
cb15d260-39f6-4337-b1f4-1775e16721d3,aab76d2f-7bb6-40df-9caf-5bb0239d9be0,2024-08-18 12:56:00,b5941a70-cf63-407e-8c24-c979e7f61e45,600,24,624
544346f5-f1dd-428f-b7bd-84d866e5d118,936d1ff6-3e00-4b99-8b1b-239b29bdf6a7,2024-08-18 10:01:00,b5941a70-cf63-407e-8c24-c979e7f61e45,600,24,624
d1c5e2c8-d2b8-425a-a035-02e124ea08cb,9ecb6f7d-bfec-4f50-b3d6-0f49ead22191,2024-08-18 13:51:00,b5941a70-cf63-407e-8c24-c979e7f61e45,400,16,416
8806678f-76e9-4691-9251-c26a84d1f3b4,3f442476-f77e-4e32-b935-aec1f3c4f788,2024-08-18 12:32:00,b5941a70-cf63-407e-8c24-c979e7f61e45,700,28,728
5883d19b-a84f-4ecd-a933-5cce0f58b671,d5d4a5a0-dd76-437a-98ee-452bc4cc56a2,2024-08-18 13:34:00,b5941a70-cf63-407e-8c24-c979e7f61e45,1200,48,1248
adb273ba-8892-49ae-b9d4-1c57d3e19a21,f112ee34-c8a1-4743-b761-6dfe2dc68721,2024-08-18 10:33:00,b5941a70-cf63-407e-8c24-c979e7f61e45,1700,68,1768
d6379a21-9433-4e98-85e6-13b9915563f2,4e60a0e2-e696-4be5-ad3c-a536ff945f36,2024-08-18 11:27:00,b5941a70-cf63-407e-8c24-c979e7f61e45,1200,48,1248
73ea7d9a-dff8-4ff9-b8d4-a38206a1bdb4,c1f1aec3-4baa-4122-85ab-2e030e48d90b,2024-08-18 12:51:00,b5941a70-cf63-407e-8c24-c979e7f61e45,500,20,520
4ab270ba-6233-4354-a2e7-626482ab8cc9,a0f75da6-366a-4c40-bde8-65dd06daf746,2024-08-18 11:14:00,b5941a70-cf63-407e-8c24-c979e7f61e45,8500,340,8840
6c8d0c9a-5b39-45f0-9dc7-a40955bd970f,ffbaa8ff-9fbc-4001-a903-59836c797117,2024-08-18 11:11:00,b5941a70-cf63-407e-8c24-c979e7f61e45,4600,184,4784
fd556834-3e44-48c0-8324-33b677d9fbf7,2aebc3e7-9b26-44ea-9a23-0f6a38540dba,2024-08-18 13:13:00,b5941a70-cf63-407e-8c24-c979e7f61e45,3800,152,3952
ed820e0c-3be1-4b63-bf01-27f8cf9b2fe9,808a94c7-7a67-4894-bb08-79e474ed271e,2024-08-18 12:27:00,b5941a70-cf63-407e-8c24-c979e7f61e45,4500,180,4680
85723d9e-b629-4476-b108-8af2307723a6,0e6a03f3-0e7b-49c1-ac39-423dc1ac8636,2024-08-18 12:32:00,b5941a70-cf63-407e-8c24-c979e7f61e45,3500,140,3640
ae0b7b3b-b8c1-409f-8365-7926716085fb,009c22c1-ce18-46fb-98a4-6d56495155f9,2024-08-18 13:07:00,b5941a70-cf63-407e-8c24-c979e7f61e45,3000,120,3120
1312805e-3e0d-466b-8d89-2c6ffa353367,046cf642-b58e-4a9e-afff-6f692cb6274e,2024-08-18 13:05:00,b5941a70-cf63-407e-8c24-c979e7f61e45,1800,72,1872
26ec2ee8-335e-47db-9dbc-70b87816696c,3b0693c1-d1df-4721-975b-ec5cbfc9dffd,2024-08-18 12:15:00,b5941a70-cf63-407e-8c24-c979e7f61e45,3100,124,3224
d56019aa-9a6c-48b1-8781-6970df52d6b4,85ebb880-ebb4-472b-ab66-1dabc11c201a,2024-08-18 14:44:00,b5941a70-cf63-407e-8c24-c979e7f61e45,600,24,624
f7058ffa-74a7-4ada-a7ed-b922a6f89d06,6ee92fc3-196c-4f81-b063-115ba8cbc26f,2024-08-18 13:48:00,b5941a70-cf63-407e-8c24-c979e7f61e45,600,24,624
35f01349-96d7-4062-83fd-4f5f4567f003,9792ef5b-b422-458b-bb0d-cfc2e5d9dfb6,2024-08-18 08:20:00,b5941a70-cf63-407e-8c24-c979e7f61e45,1000,40,1040
73821013-ab07-421f-a18c-fe17dfe41820,88ccbcfa-ed30-47c5-bbf4-0bef6725123b,2024-08-18 12:16:00,b5941a70-cf63-407e-8c24-c979e7f61e45,500,20,520
35873c7d-a226-4590-8cf9-c3f3cf84440d,e47c72ee-1338-4241-96bf-2e81dee7a571,2024-08-18 12:05:00,b5941a70-cf63-407e-8c24-c979e7f61e45,1700,68,1768
85678ad5-1426-45f7-be71-12d941f6f531,8c28837e-8305-429a-be35-17afd80d2dff,2024-08-18 13:07:00,b5941a70-cf63-407e-8c24-c979e7f61e45,2100,84,2184
12f9a34d-ffa7-438e-a3d0-d4df17bbcea8,ef6ca526-c8a8-4f4f-ba8c-9cf1bd514d0e,2024-08-18 12:02:00,b5941a70-cf63-407e-8c24-c979e7f61e45,600,24,624
4f9f39b8-0ebb-4027-8d7f-6cd8f5b8740b,9331e60b-99c8-461f-90eb-9ddf96020fa5,2024-08-18 14:47:00,b5941a70-cf63-407e-8c24-c979e7f61e45,400,16,416
6286e23a-35cd-4ac9-9ef6-436b70fff7e5,515ebeb5-638f-41de-9dd3-d69e6ef6ba6e,2024-08-18 14:28:00,b5941a70-cf63-407e-8c24-c979e7f61e45,3400,136,3536
287deef5-8d1c-431c-9615-571b53e3d7f1,125ca5d7-df9a-4025-91b8-e0f428d43068,2024-08-18 13:18:00,b5941a70-cf63-407e-8c24-c979e7f61e45,600,24,624
50ccded6-57d0-4485-aede-c8a254a2e9ff,45ea5caf-d5c3-4772-a218-c6c7413e64fe,2024-08-18 11:39:00,b5941a70-cf63-407e-8c24-c979e7f61e45,1000,40,1040
d0594589-d428-4bf0-bf9a-1578e56cfe15,0f4b96f1-0b6f-45ab-929b-98c3e847436f,2024-08-18 08:20:00,b5941a70-cf63-407e-8c24-c979e7f61e45,700,28,728
e389c494-96a0-47a1-8621-4273d421173f,35ef9a20-373b-49a0-94e7-a652a49ad546,2024-08-18 13:52:00,b5941a70-cf63-407e-8c24-c979e7f61e45,500,20,520
3de5e6eb-7179-4e85-9db6-3c3fbdee563b,8143b925-a728-45dc-90e2-770dc299a5d0,2024-08-18 09:09:00,b5941a70-cf63-407e-8c24-c979e7f61e45,600,24,624
298e8690-9ff6-4135-8efc-dfd28a5ac3a5,5729d739-8c7e-469d-9fc7-fb95612fc92e,2024-08-18 10:30:00,b5941a70-cf63-407e-8c24-c979e7f61e45,2500,100,2600
53a89a3d-7651-428e-ab7c-c66a3b617b60,057d6adc-0a93-4e10-a0ad-eecde498a471,2024-08-18 10:11:00,b5941a70-cf63-407e-8c24-c979e7f61e45,500,20,520
26760860-5346-47b8-98d4-82b34a8e1dca,ed7e3980-fe2e-4277-ac81-c27c18c9df4d,2024-08-18 11:56:00,b5941a70-cf63-407e-8c24-c979e7f61e45,3700,148,3848
e0ad1714-3b38-4048-a5ce-b4a64fb0d0ca,b7f75fbf-405e-4b32-b0a6-ca0a7c5a4137,2024-08-18 14:44:00,b5941a70-cf63-407e-8c24-c979e7f61e45,5300,212,5512
26298c71-b480-470a-b18d-ed49db29f8b2,330cb663-b876-4a71-aad8-b579d5c68a41,2024-08-18 14:38:00,b5941a70-cf63-407e-8c24-c979e7f61e45,700,28,728
1bd52dd8-bb87-4564-b0fd-51a201c168c6,94eed14f-8001-4b43-8f44-165f49fd933d,2024-08-18 13:45:00,b5941a70-cf63-407e-8c24-c979e7f61e45,700,28,728
9365aa67-4abe-4687-8b67-f65a56ed5ff5,51c70362-b335-415c-aedb-b03180cdcc0e,2024-08-18 14:22:00,b5941a70-cf63-407e-8c24-c979e7f61e45,400,16,416
b7bc6fac-a150-457d-bb62-0930f0503e91,64141f13-bf43-4c2a-86ae-1f78687ace7b,2024-08-18 11:08:00,b5941a70-cf63-407e-8c24-c979e7f61e45,600,24,624
cd7739cc-89c6-4439-9a42-6c670e335c8a,641d1202-ac17-48f8-89b1-58ef745daa59,2024-08-18 13:49:00,b5941a70-cf63-407e-8c24-c979e7f61e45,8800,352,9152
32aa82cb-364f-453e-a5a0-51d49f3a8681,7a266e89-4377-401c-ba5e-e9cae9f2b2d2,2024-08-18 10:54:00,b5941a70-cf63-407e-8c24-c979e7f61e45,5200,208,5408
041b911d-37e5-4660-8f8f-c8696a405ff7,548239fd-0176-4366-a949-30e0f06294dc,2024-08-18 14:06:00,b5941a70-cf63-407e-8c24-c979e7f61e45,3800,152,3952
557e2b5c-55f4-4c29-b874-857f9797e5bc,ab048a38-1f12-4bca-ab42-1b40682f705b,2024-08-18 14:07:00,b5941a70-cf63-407e-8c24-c979e7f61e45,500,20,520
9490f1b3-454f-417e-915a-a58ba29c9701,ddbfab2a-b55c-4cf6-92d0-62446994c2e0,2024-08-18 14:39:00,b5941a70-cf63-407e-8c24-c979e7f61e45,500,20,520
d69ad101-f2e7-4370-9f82-cf2e20b9960b,9d6095f7-a9a5-4fb9-aff0-d3e1ac17e3f4,2024-08-18 08:44:00,b5941a70-cf63-407e-8c24-c979e7f61e45,600,24,624
becbe91e-8ce9-45a9-bda5-8218fd363dc1,fb448b08-7725-42e0-9ab1-296312325b35,2024-08-18 09:13:00,b5941a70-cf63-407e-8c24-c979e7f61e45,3600,144,3744
22a999b2-85fa-4b6a-8f20-0f3d1afe30a0,2dbbf653-fb89-431e-9ce5-5be640628514,2024-08-18 12:22:00,b5941a70-cf63-407e-8c24-c979e7f61e45,700,28,728
2c61b886-8426-4914-bcca-efcdac7ccb4f,083dd7b0-5e7b-40bd-b68c-d79e2c651069,2024-08-18 14:31:00,b3406af8-c4a9-4d2d-9e30-e06f3da01c15,8600,688,9288
f1476d60-6e5d-4425-aca2-77f942f37237,98dda004-b8b8-4899-b938-93da30a150a1,2024-08-18 08:52:00,b3406af8-c4a9-4d2d-9e30-e06f3da01c15,600,48,648
a2874222-664c-4c9e-b6a6-40de990dba4d,eeb16ee7-6056-46b4-a5a9-a6bdab2f1c97,2024-08-18 14:11:00,b3406af8-c4a9-4d2d-9e30-e06f3da01c15,7400,592,7992
b3bf3f85-fa8b-45b0-898b-72e1c3f0f1ff,abf424d5-d0e8-4868-8cc4-ec6715b3ff90,2024-08-18 14:23:00,b3406af8-c4a9-4d2d-9e30-e06f3da01c15,600,48,648
20944205-b59f-4635-9485-9eec00e52c0d,dec37c5a-40a1-43d4-af43-f27c75e37d88,2024-08-18 12:16:00,b3406af8-c4a9-4d2d-9e30-e06f3da01c15,4900,392,5292
5be6bea7-956a-4612-bcdc-84145fdce456,51b16cf1-5300-4593-9472-80ede31dc299,2024-08-18 13:27:00,b3406af8-c4a9-4d2d-9e30-e06f3da01c15,600,48,648
7aa6f2fb-3e46-4c4f-951f-79cbc578971c,064cf927-4d76-4a1c-96e2-0e2849fe3247,2024-08-18 12:16:00,b3406af8-c4a9-4d2d-9e30-e06f3da01c15,500,40,540
cde7aae7-eb54-4b21-8ca8-8b4a0a9fcf10,f72f6178-4c84-4146-84e0-42c9b2bdd0ef,2024-08-18 11:57:00,b3406af8-c4a9-4d2d-9e30-e06f3da01c15,700,56,756
060b6df6-ddec-4067-b047-78fbb5f315ee,e407f3a6-898c-4eb3-9305-5bf73f0e476f,2024-08-18 12:10:00,b3406af8-c4a9-4d2d-9e30-e06f3da01c15,3400,272,3672
006018a9-57d7-4e27-a4c0-43da79e5a7c4,cb2538bd-11dd-4bc2-a3c2-7f7412ab7329,2024-08-18 11:59:00,b3406af8-c4a9-4d2d-9e30-e06f3da01c15,4900,392,5292
7f44d5ee-d747-40cc-8807-4c144631433d,2b363369-1447-41a3-94af-4735f062c263,2024-08-18 12:27:00,b3406af8-c4a9-4d2d-9e30-e06f3da01c15,3600,288,3888
17f2df57-e0c7-4a5e-9da2-1d4c21780b49,18c2a401-ed3f-4f2e-a7fb-e7e29cb6037f,2024-08-18 12:37:00,b3406af8-c4a9-4d2d-9e30-e06f3da01c15,1100,88,1188
3230fb33-3bf6-4bb2-a4ab-c04c3c2ea596,00e04f92-2c43-4887-8187-ad3faa08c7fe,2024-08-18 09:22:00,b3406af8-c4a9-4d2d-9e30-e06f3da01c15,3300,264,3564
d194529e-776a-4f96-83cb-3ce3d64bd61b,38c43380-025d-443c-9929-69575b8c1476,2024-08-18 13:11:00,b3406af8-c4a9-4d2d-9e30-e06f3da01c15,0,0,0
063f966e-aa9e-49a7-99f2-021e2ef80750,d68e0fab-32c1-4e08-87fd-41a8bb6ef457,2024-08-18 13:49:00,b3406af8-c4a9-4d2d-9e30-e06f3da01c15,7000,560,7560
60d517c7-8d4d-4b4c-9316-a293c0153396,4149b269-ecae-4eb4-8545-98839f516b6a,2024-08-18 13:00:00,b3406af8-c4a9-4d2d-9e30-e06f3da01c15,3600,288,3888
f76dcd20-9ecc-4072-b796-5d765c8f0a3b,905f3530-1560-46d6-9184-11b76f12c731,2024-08-18 12:32:00,b3406af8-c4a9-4d2d-9e30-e06f3da01c15,5000,400,5400
3293a4ca-0d51-4185-a0d2-6bec5a6e131e,694ac271-6131-4f75-af40-125036967c5b,2024-08-18 12:58:00,b3406af8-c4a9-4d2d-9e30-e06f3da01c15,3900,312,4212
36c7fd72-fef6-4cf7-b298-9caa3fa5613c,01b5d7b9-6321-4bae-a38b-4790dbe2ac61,2024-08-18 12:18:00,b3406af8-c4a9-4d2d-9e30-e06f3da01c15,1800,144,1944
0f171330-81af-4743-a416-ee96cf240366,a0adc3c2-77d8-4e4b-a254-525252d95ff2,2024-08-18 13:25:00,b3406af8-c4a9-4d2d-9e30-e06f3da01c15,600,48,648
19d689fd-48de-497b-947d-b448eb3f23a6,ad38214b-023e-4335-9de1-284fa045ce8f,2024-08-18 14:33:00,b3406af8-c4a9-4d2d-9e30-e06f3da01c15,9000,720,9720
ff76b899-c2a6-4328-85c5-8d28cb6a0ba4,1f746910-e416-4cef-9813-e3065cae4fcd,2024-08-18 13:16:00,b3406af8-c4a9-4d2d-9e30-e06f3da01c15,2900,231,3131
5c12540e-fb4b-4cbe-b6b9-0469487b03d6,d22e0d48-9bf2-4a43-b32f-2c2607d00dd5,2024-08-18 09:27:00,b3406af8-c4a9-4d2d-9e30-e06f3da01c15,1100,88,1188
d8c54b0c-bce1-4b54-a980-576933ef062b,ff60ce7b-ad40-4cfd-b093-f5592bb22810,2024-08-18 11:42:00,b3406af8-c4a9-4d2d-9e30-e06f3da01c15,400,32,432
db9e666a-f2c1-4757-9966-4736d959b9a1,c4deb74b-c9b2-4f83-8b80-ef3798d92315,2024-08-18 14:36:00,b3406af8-c4a9-4d2d-9e30-e06f3da01c15,5300,424,5724
bb1f177f-bb2a-41a0-9a2b-79bd10a67219,8aa9665b-27f4-4c93-a9d6-edfa376819e1,2024-08-18 08:00:00,b3406af8-c4a9-4d2d-9e30-e06f3da01c15,1500,120,1620
8d69f4bd-cd8d-4d52-ac6f-35e58ba3835f,5e48221c-cae5-43ec-97c4-8c92051a16a4,2024-08-18 12:53:00,b3406af8-c4a9-4d2d-9e30-e06f3da01c15,600,48,648
b099bc96-a274-42d2-b7cd-253373e9809b,9891fcf2-b13c-4329-b3a9-652662243436,2024-08-18 13:46:00,b3406af8-c4a9-4d2d-9e30-e06f3da01c15,5300,424,5724
e02932fc-10eb-4e99-b1ce-05edc86ec0d6,ad316b61-3a6e-4c64-8e7a-82c23ca23820,2024-08-18 14:51:00,b3406af8-c4a9-4d2d-9e30-e06f3da01c15,5200,416,5616
a94a8a34-65df-4745-b7b5-ba7aa82ffb01,47bdc2f3-2221-45ba-87aa-957ae3eca21b,2024-08-18 13:47:00,b3406af8-c4a9-4d2d-9e30-e06f3da01c15,400,32,432
32bb455d-ac01-4c9f-bf51-14cc68eaaa85,23c6e968-0007-4538-b4a8-90dfd7c6a128,2024-08-18 14:44:00,b3406af8-c4a9-4d2d-9e30-e06f3da01c15,2100,168,2268
b9358135-580a-4678-abf7-7069107fbbd6,c003a6d5-779f-49d5-8d6b-c3f4815d2810,2024-08-18 14:23:00,b3406af8-c4a9-4d2d-9e30-e06f3da01c15,3200,256,3456
35e4301b-8195-4f70-8afb-5fca9752ef28,572356b5-d3db-47ce-9745-527d83161b34,2024-08-18 10:05:00,b3406af8-c4a9-4d2d-9e30-e06f3da01c15,400,32,432
d32bd24a-d776-4065-9591-ffaeeedd6c31,dec57854-af9f-4730-a215-08532355ced4,2024-08-18 11:43:00,b3406af8-c4a9-4d2d-9e30-e06f3da01c15,4900,392,5292
d9298812-cfff-4899-9f93-edc4ca233392,d6d9d62c-9cb2-454b-8d33-46481d62557b,2024-08-18 13:42:00,b3406af8-c4a9-4d2d-9e30-e06f3da01c15,700,56,756
90ddba8f-625a-441f-a183-760bb4b9ebec,8a87962d-68e3-4597-b43e-27b048d4439d,2024-08-18 13:11:00,b3406af8-c4a9-4d2d-9e30-e06f3da01c15,500,40,540
df750d92-d2e7-4f15-bc46-18ca1ddb8a7a,e58fb269-c11c-4066-a830-f52499508f2a,2024-08-18 12:38:00,b3406af8-c4a9-4d2d-9e30-e06f3da01c15,3500,280,3780
d8530fc9-2129-4d27-a383-2e79c141ba4e,9f8a2f60-1268-4270-8ae6-6ba0ef0a6eb1,2024-08-18 12:34:00,b3406af8-c4a9-4d2d-9e30-e06f3da01c15,5100,408,5508
73c33224-b970-41d1-b288-a653f84f1375,ab9ec2ba-efbc-40af-a2d9-15186dd81cd4,2024-08-18 14:58:00,b3406af8-c4a9-4d2d-9e30-e06f3da01c15,400,32,432
11d2ce80-e25b-491d-bf55-45c4546efc2b,ac530e21-16a1-4c59-b20f-871a96c75966,2024-08-18 11:54:00,b3406af8-c4a9-4d2d-9e30-e06f3da01c15,1700,136,1836
126080e5-acfc-4b4e-abe9-58de6ab92cd7,663ea5e3-7ce6-4aad-b8d2-4125e48ff362,2024-08-18 12:27:00,b3406af8-c4a9-4d2d-9e30-e06f3da01c15,800,64,864
43182488-8d14-478c-9cad-3a65f079b7a1,db7b3e64-5805-46a2-8e59-f78fb53db9ab,2024-08-18 13:03:00,b3406af8-c4a9-4d2d-9e30-e06f3da01c15,3600,288,3888
a5f3da1c-b6d9-40bf-a34d-c214bf4ddcdd,0acbf411-6839-44f0-8956-631074bb22e0,2024-08-18 11:45:00,b3406af8-c4a9-4d2d-9e30-e06f3da01c15,600,48,648
880ec339-7514-4ba0-9969-ce97f9cad0ce,1892dd7a-8ba7-4839-891c-a1faa3c38b01,2024-08-18 12:55:00,b3406af8-c4a9-4d2d-9e30-e06f3da01c15,400,32,432
8f6083b2-8efc-4156-87a0-f7b39a88c16a,235014d2-591b-47a1-bbff-aeb890034fd3,2024-08-18 13:45:00,b3406af8-c4a9-4d2d-9e30-e06f3da01c15,1300,104,1404
59b5f535-839e-43e9-8575-0a4228d52cfd,cd3e06d4-66d3-497d-8ac4-092611194837,2024-08-18 08:57:00,b3406af8-c4a9-4d2d-9e30-e06f3da01c15,5600,448,6048
c19e85c7-fb72-4c0c-9766-d02e6426b743,4c529355-b86a-410a-bd67-d69a08e26469,2024-08-18 12:39:00,b3406af8-c4a9-4d2d-9e30-e06f3da01c15,500,40,540
534d6c1b-eb94-4f95-b1bb-b90a6ebbd6c4,e1850c0e-781b-4ab6-9df3-0574ffb34203,2024-08-18 08:40:00,b3406af8-c4a9-4d2d-9e30-e06f3da01c15,500,40,540
8faecf45-6278-4c82-9b8f-234282095d5c,306845f9-3a60-4c21-b7dc-7097dd33a2b5,2024-08-18 13:15:00,b3406af8-c4a9-4d2d-9e30-e06f3da01c15,0,0,0
bd49d6c6-a239-42e1-b557-5a17d439fc7b,4a26cec1-b080-40ee-967d-31caa23f742c,2024-08-18 14:17:00,b3406af8-c4a9-4d2d-9e30-e06f3da01c15,2600,208,2808
a76a5426-d8bb-4627-9c85-56a43f82e178,2bd22f13-76a5-4011-bef8-686940d3ba2d,2024-08-18 12:55:00,b3406af8-c4a9-4d2d-9e30-e06f3da01c15,3300,264,3564
ab40aa3a-3e2d-4126-9fc2-4474577677a2,e7cdd862-6c8e-4af5-91e8-e017767a279b,2024-08-18 13:54:00,b3406af8-c4a9-4d2d-9e30-e06f3da01c15,500,40,540
4dc10cd6-cfd9-41b9-b679-9783a24d693a,6dd8ff30-cee1-4a7a-9ccd-dfa7018493e7,2024-08-18 10:44:00,b3406af8-c4a9-4d2d-9e30-e06f3da01c15,3000,240,3240
9bc4a3a6-028e-420e-877c-044fc62c5c75,e7104275-32a7-4e9c-a3ee-4d9a6086f605,2024-08-18 11:31:00,b3406af8-c4a9-4d2d-9e30-e06f3da01c15,2900,231,3131
b226ec67-4b5e-47d5-9ed6-b5d49ab4762b,ef1fba28-a42f-40cf-8279-cc78382e4a4d,2024-08-18 11:51:00,b3406af8-c4a9-4d2d-9e30-e06f3da01c15,700,56,756
b477baca-fa84-4e90-b063-3fce0d02eb4a,59958d95-157b-4a57-97ef-23890b8a84bd,2024-08-18 10:49:00,b3406af8-c4a9-4d2d-9e30-e06f3da01c15,3500,280,3780
3417b6f8-9162-4c7f-8a44-b632649c212d,a709f29f-6f8e-4f51-b1b6-0d7e99fe176a,2024-08-18 12:52:00,b3406af8-c4a9-4d2d-9e30-e06f3da01c15,1400,112,1512
4f7d452f-a50d-44d9-a32f-65ef8567f6de,4fc91ffd-8a4a-40c0-bd26-2d6d00721265,2024-08-18 10:29:00,b3406af8-c4a9-4d2d-9e30-e06f3da01c15,1000,80,1080
256254f1-b9e2-4001-866f-353973d0edfe,8cd78325-2807-447b-afbc-a038843b9694,2024-08-18 12:47:00,b3406af8-c4a9-4d2d-9e30-e06f3da01c15,3300,264,3564
864f4fec-4923-4e68-a8c0-978acc80f1cc,41d3c1c8-55d5-47f3-9b6b-15af76bc1687,2024-08-18 11:20:00,b3406af8-c4a9-4d2d-9e30-e06f3da01c15,400,32,432
f827ff4c-779f-4ddb-8910-6345488fdf0b,a8998506-bf65-496e-b0cd-f9f69e104054,2024-08-18 12:21:00,b3406af8-c4a9-4d2d-9e30-e06f3da01c15,700,56,756
99005f7a-ad6d-475f-8551-1ec2d492b58a,8dc8937a-97f2-4c2f-a818-c3324d26e599,2024-08-18 12:25:00,b3406af8-c4a9-4d2d-9e30-e06f3da01c15,500,40,540
98a93a2d-7820-4727-a2af-4bd26102332e,d4ef2be9-3e50-40f0-990f-8e0c0917c2b5,2024-08-18 14:46:00,b3406af8-c4a9-4d2d-9e30-e06f3da01c15,8900,712,9612
9decd362-a41c-455f-a935-660a88d649d4,f99ecdb6-6f31-4a22-a1bb-a9151ecd5616,2024-08-18 13:16:00,b3406af8-c4a9-4d2d-9e30-e06f3da01c15,600,48,648
1af41d2d-7cca-41fe-9f9a-2f68c4951f28,3e0bfbc5-de9c-4029-9e07-9abf3ea45e78,2024-08-18 09:40:00,b3406af8-c4a9-4d2d-9e30-e06f3da01c15,400,32,432
d57103b9-e7d3-4aaf-bf32-f14cab53bb69,09a85561-3dcd-44bf-b9d7-6e19a1d38ecb,2024-08-18 11:36:00,b3406af8-c4a9-4d2d-9e30-e06f3da01c15,3800,304,4104
75d62d45-c733-4165-8cf4-22ab95fd0000,d9e5872f-5b34-4ad5-966b-176a0bf17fdd,2024-08-18 14:31:00,b3406af8-c4a9-4d2d-9e30-e06f3da01c15,7000,560,7560
63f7806f-17ae-4534-b07a-fcf7553d33a0,7e3d2dc3-7b83-456a-a17c-8f73b1bb94b5,2024-08-18 12:08:00,b3406af8-c4a9-4d2d-9e30-e06f3da01c15,7300,584,7884
df8a89fb-c51c-447c-800c-ed3b418b95e7,ae51cf2b-0e3c-40d5-be2b-68758d6b11f1,2024-08-18 12:14:00,b3406af8-c4a9-4d2d-9e30-e06f3da01c15,5000,400,5400
f6dbba49-f2f5-41bb-98cb-94a337e7c0cf,15842696-4fc9-4c29-9996-308a244bddf6,2024-08-18 10:48:00,b3406af8-c4a9-4d2d-9e30-e06f3da01c15,3200,256,3456
cdb2ce4f-1970-445e-9dd1-b23ed6fc33c1,4c1b1465-1124-4da0-a845-304ff87d7b80,2024-08-18 13:19:00,b3406af8-c4a9-4d2d-9e30-e06f3da01c15,400,32,432
e68dcb22-a8b4-4b07-9a54-d6866f6ff99c,7c0b728c-03b2-4074-97b0-820e04f72bc1,2024-08-18 09:00:00,b3406af8-c4a9-4d2d-9e30-e06f3da01c15,500,40,540
123b3920-5b77-4a2e-85cf-6cfe6aa0115d,a1e6e5bf-8ffb-4a1f-a18f-6e7377165ccc,2024-08-18 10:28:00,b3406af8-c4a9-4d2d-9e30-e06f3da01c15,600,48,648
1195d2e6-64b3-4e41-9a2b-e5905504df25,6cb308a6-4f17-44e2-b53d-772f2b8c7f3b,2024-08-18 12:55:00,b3406af8-c4a9-4d2d-9e30-e06f3da01c15,1500,120,1620
52b53359-5d1d-466f-84c3-7dff05c34bf5,d0fb7f3a-f27f-4d4e-ba9b-df1d3fbc30eb,2024-08-18 11:38:00,b3406af8-c4a9-4d2d-9e30-e06f3da01c15,3600,288,3888
5b1492d3-d108-49bd-ba6e-e52acdd33d50,e64930bf-9aea-452b-9770-6d9ab8e75b98,2024-08-18 12:39:00,b3406af8-c4a9-4d2d-9e30-e06f3da01c15,600,48,648
e0805167-4983-4420-b119-739aaaff545b,ad85f652-9227-4b0d-b9a9-b843e478b3cb,2024-08-18 14:00:00,b3406af8-c4a9-4d2d-9e30-e06f3da01c15,8300,664,8964
e1aaf81f-4ba7-45fb-8558-127cc6154053,5306486f-e688-463c-93c5-76b5e567a099,2024-08-18 14:26:00,b3406af8-c4a9-4d2d-9e30-e06f3da01c15,5600,448,6048
d8cf2501-a66d-4eaa-8961-70f7b191efef,795cb16b-9d6b-446b-8c69-3e25dccd27e1,2024-08-18 13:22:00,b3406af8-c4a9-4d2d-9e30-e06f3da01c15,4000,320,4320
1e4ecad1-77b8-4ce3-89c3-664cc969b258,c3044ef4-2eca-4bfe-a68c-9c23f4e82048,2024-08-18 13:39:00,b3406af8-c4a9-4d2d-9e30-e06f3da01c15,9200,736,9936
cc9df326-e219-4e9b-8bc5-ec35df301926,f5f40b10-cc7e-4664-bc08-bc601775c40d,2024-08-18 11:04:00,b3406af8-c4a9-4d2d-9e30-e06f3da01c15,700,56,756
a7da7f52-ec20-4133-8420-35b2d5244066,d2820ae6-711a-4dbf-9c3d-abcffab229ab,2024-08-18 13:19:00,b3406af8-c4a9-4d2d-9e30-e06f3da01c15,5200,416,5616
